"area_code","area","region_code","region","electorate","valid_votes","total_votes","remain_votes","leave_votes","percent_remain","percent_leave","area_type","percent_degree","median_age","GVA","percent_UK_born","percent_white","median_earnings","percent_AB_socialgrade","percent_C1_socialgrade","percent_C2_socialgrade","percent_DE_socialgrade"
"S12000033","Aberdeen City","S92000003","Scotland",154266,104714,104809,63985,40729,61.1,38.9,NA,33.2,36.3,47006,NA,91.8,562.4,23.567253611734,34.5856461909838,20.5210209658248,21.3260792314573
"S12000034","Aberdeenshire","S92000003","Scotland",196809,138961,139014,76445,62516,55.01,44.99,NA,27,43,27687,NA,98.4,574.9,21.4074777874788,28.655436289867,29.8995942683992,20.037491654255
"E07000223","Adur","E12000008","South East",48755,37229,37251,16914,20315,45.43,54.57,"Predominantly Urban",22,45,18236,98.4126984126984,95.7,500.4,19.5039208052945,33.6076970135143,24.6982926422335,22.1900895389578
"E07000026","Allerdale","E12000002","North West",74426,54238,54268,22429,31809,41.35,58.65,"Predominantly Rural",22.8,47.2,19013,96.8421052631579,98.9,533.1,17.7781593406593,24.0212912087912,27.3076923076923,30.8928571428571
"E07000032","Amber Valley","E12000004","East Midlands",96760,73820,73868,29319,44501,39.72,60.28,"Predominantly Urban",23.2,45.5,20486,98.3739837398374,98.1,520.1,20.7205530444031,27.0220685987769,24.7008774262164,27.5565009306036
"S12000041","Angus","S92000003","Scotland",87137,59258,59282,32747,26511,55.26,44.74,NA,23.6,46.1,16844,NA,98.5,525.4,15.9304951258468,30.2885939307154,27.1410475298783,26.6398634135595
"S12000035","Argyll and Bute","S92000003","Scotland",66642,48696,48734,29494,19202,60.57,39.43,NA,28.9,48.5,19980,NA,98.6,495.9,18.2603216959454,30.531465421392,26.1655918760655,25.042621006597
"E07000224","Arun","E12000008","South East",117138,91129,91198,34193,56936,37.52,62.48,"Predominantly Urban",22.8,48.9,15980,97.3856209150327,96.9,486.2,19.4955576054765,32.0216536388794,23.7510317036462,24.7317570519979
"E07000170","Ashfield","E12000004","East Midlands",91916,66899,66947,20179,46720,30.16,69.84,"Predominantly Urban",15.1,42.2,17720,99.1869918699187,97.7,448.9,12.7827963866016,26.9485970101527,26.5089135822208,33.7596930210249
"E07000105","Ashford","E12000008","South East",90516,69786,69828,28314,41472,40.57,59.43,"Urban with Significant Rural",24.6,41.8,23173,91.9354838709677,93.2,548.6,22.3278114323447,31.0126037150814,23.4963107576584,23.1632740949154
"E07000004","Aylesbury Vale","E12000008","South East",136235,106833,106895,52877,53956,49.5,50.5,"Predominantly Rural",32,40.4,24603,89.7849462365591,89.6,555.4,29.655983757424,33.1948160376463,20.3070150471528,16.8421851577769
"E07000200","Babergh","E12000006","East",70628,55242,55274,25309,29933,45.81,54.19,"Predominantly Rural",25.8,47.8,21133,92.0454545454545,97.8,539.2,23.8717807356068,30.3772544695597,24.4309679451839,21.3199968496495
"E09000002","Barking and Dagenham","E12000007","London",115812,73880,73941,27750,46130,37.56,62.44,"Predominantly Urban",20.9,32.1,16514,63.4146341463415,58.2,534.5,12.0235910411061,30.458100956827,23.4823512641876,34.0359567378793
"E09000003","Barnet","E12000007","London",223467,161033,161208,100210,60823,62.23,37.77,"Predominantly Urban",40.3,36.3,24760,62.992125984252,64.1,629.8,33.1832998521775,32.803320319903,14.3719440548838,19.6414357730357
"E08000016","Barnsley","E12000003","Yorkshire and The Humber",175809,122909,122972,38951,83958,31.69,68.31,"Predominantly Urban",17.4,42.5,14619,94.9579831932773,97.8,469,13.8964837108073,26.4721485411141,25.499557913351,34.1318098347276
"E07000027","Barrow-in-Furness","E12000002","North West",53194,36074,36101,14207,21867,39.38,60.62,"Urban with Significant Rural",19,44.7,23715,97.0149253731343,98.3,492.8,15.5375815533113,25.440164447225,27.2142282598981,31.8080257395656
"E07000066","Basildon","E12000006","East",132771,97999,98071,30748,67251,31.38,68.62,"Predominantly Urban",18.6,39.5,24660,90.6077348066298,92.2,558.8,18.4455805540688,32.6276739078275,22.8677949834813,26.0589505546225
"E07000084","Basingstoke and Deane","E12000008","South East",128677,100328,100395,48257,52071,48.1,51.9,"Urban with Significant Rural",30.5,40.8,29734,87.9310344827586,92.8,622.6,30.8329756061143,31.5870023703317,19.5729670206611,18.0070550028929
"E07000171","Bassetlaw","E12000004","East Midlands",85547,63967,64005,20575,43392,32.17,67.83,"Predominantly Rural",20.2,45.2,18703,93.75,97.3,506.3,16.4287186129346,26.1693797650938,25.61302287245,31.7888787495216
"E06000022","Bath and North East Somerset","E12000009","South West",136522,105230,105298,60878,44352,57.85,42.15,"Urban with Significant Rural",33.4,38.9,24746,89.5604395604396,94.5,522.3,29.8090846734243,32.6804359423824,19.2153799253106,18.2950994588827
"E06000055","Bedford","E12000006","East",119530,86066,86136,41497,44569,48.22,51.78,"Urban with Significant Rural",28.1,39.9,23109,84.8484848484848,80.5,553.2,24.5760221643859,30.9335907984216,20.019309881622,24.4710771555705
"E09000004","Bexley","E12000007","London",170779,128489,128570,47603,80886,37.05,62.95,"Predominantly Urban",21.8,38.6,21255,80.5785123966942,81.6,612.7,19.1040551894928,36.7192912631377,22.7479768274886,21.4286767198809
"E08000025","Birmingham","E12000005","West Midlands",707293,450702,451336,223451,227251,49.58,50.42,"Predominantly Urban",23,32.7,22307,77.3960216998192,57.9,488.2,17.9658703501025,29.3885471311218,18.362141626096,34.2834408926797
"E07000129","Blaby","E12000004","East Midlands",73832,56471,56514,22888,33583,40.53,59.47,"Predominantly Urban",24.9,43.3,27350,93.75,90.9,568.7,23.2448398832895,33.763192968553,24.30027736753,18.6916897806275
"E06000008","Blackburn with Darwen","E12000002","North West",100117,65321,65408,28522,36799,43.66,56.34,"Predominantly Urban",19.8,36.2,18565,84.1379310344828,69.1,413,14.3423794903973,26.4684131501692,21.6009681106156,37.5882392488179
"E06000009","Blackpool","E12000002","North West",102354,66927,66959,21781,45146,32.54,67.46,"Predominantly Urban",15.5,43.7,15372,93.3823529411765,96.5,392.4,10.412330905307,30.6798473812001,21.0479535206382,37.8598681928547
"W06000019","Blaenau Gwent","W92000004","Wales",51136,34802,34812,13215,21587,37.97,62.03,NA,15.2,42.8,10980,97.1014492753623,98.4,403.4,9.27347088828638,22.6781857451404,24.9391112540784,43.1092321124948
"E07000033","Bolsover","E12000004","East Midlands",58063,41972,42000,12242,29730,29.17,70.83,"Urban with Significant Rural",15.8,43.7,19601,97.4025974025974,98,428.1,13.3860611472552,25.7175660160735,25.8748990092274,35.021473827444
"E08000001","Bolton","E12000002","North West",197109,138080,138180,57589,80491,41.71,58.29,"Predominantly Urban",22.2,38.8,16763,86.8327402135231,81.8,468.9,17.3474406634258,29.5361738633114,21.1278238490134,31.9885616242494
"E07000136","Boston","E12000004","East Midlands",39363,30404,30417,7430,22974,24.44,75.56,"Urban with Significant Rural",15.1,42.2,21447,74.2424242424242,96.7,411.2,11.3236459709379,23.1651254953765,25.4900924702774,40.0211360634082
"E06000028","Bournemouth","E12000009","South West",132752,91926,91998,41473,50453,45.12,54.88,"Predominantly Urban",26.4,37.9,21876,81.8652849740933,91.9,481.3,20.9072009690779,35.194552210709,20.010149126684,23.8880976935291
"E06000036","Bracknell Forest","E12000008","South East",85298,64890,64922,29888,35002,46.06,53.94,"Predominantly Urban",30.3,38.7,32088,84.6153846153846,90.5,586.4,29.1838800580012,34.2398292796367,19.8052036879976,16.7710869743646
"E08000032","Bradford","E12000003","Yorkshire and The Humber",342817,228488,228729,104575,123913,45.77,54.23,"Predominantly Urban",21.8,35.8,17892,84.0909090909091,67.4,451.6,16.7752887917577,29.0411333125195,20.5725101467374,33.6110677489853
"E07000067","Braintree","E12000006","East",112562,86236,86309,33523,52713,38.87,61.13,"Predominantly Rural",22.2,43,20425,93.9597315436242,96.5,592.1,20.957011824511,32.3704276715659,25.0679633108631,21.60459719306
"E07000143","Breckland","E12000006","East",98989,73548,73593,26313,47235,35.78,64.22,"Predominantly Rural",18.6,45.8,19761,84.9624060150376,97.3,457.3,15.9917096184788,28.5718181570264,27.7100548146936,27.7264174098012
"E09000005","Brent","E12000007","London",186793,121404,121678,72523,48881,59.74,40.26,"Predominantly Urban",33.3,34.6,24630,45.5384615384615,36.2,551.4,21.9736652676109,30.2317855125749,18.5494855978472,29.245063621967
"E07000068","Brentwood","E12000006","East",58777,46704,46724,19077,27627,40.85,59.15,"Urban with Significant Rural",30.7,43.3,29451,86.8421052631579,93.4,720,32.1805419978618,36.1920699112165,17.2221447496862,14.4052433412355
"W06000013","Bridgend","W92000004","Wales",104492,74345,74380,33723,40622,45.36,54.64,NA,22.6,43,19560,97.1428571428571,97.7,500,16.4790881777863,28.2297677523964,23.7016548237875,31.5894892460299
"E06000043","Brighton and Hove","E12000008","South East",198293,146675,146840,100648,46027,68.62,31.38,"Predominantly Urban",36.9,35.5,24989,83.3922261484099,89,546.6,28.5726129898125,37.4366521229959,15.0822356489206,18.9084992382709
"E06000023","Bristol, City of","E12000009","South West",312465,228445,228678,141027,87418,61.73,38.27,"Predominantly Urban",32.8,32.9,30850,86.8008948545861,83.9,508,25.6981192111616,32.1726258413054,17.5946101115746,24.5346448359584
"E07000144","Broadland","E12000006","East",99254,77737,77783,35469,42268,45.63,54.37,"Urban with Significant Rural",23.2,47.5,21197,93.6,97.7,526.7,21.3796395081139,33.1208939300354,25.9503621764276,19.5491043854231
"E09000006","Bromley","E12000007","London",231473,182432,182570,92398,90034,50.65,49.35,"Predominantly Urban",33.1,40.5,21907,82.0987654320988,84.1,681,30.8024858146447,36.7187662378151,16.2804231704529,16.1983247770873
"E07000234","Bromsgrove","E12000005","West Midlands",74170,58815,58855,26252,32563,44.63,55.37,"Predominantly Urban",30.5,45.5,20024,97.8494623655914,95.7,602.6,30.6901002125721,32.3868812632858,20.657455208017,16.2655633161251
"E07000095","Broxbourne","E12000006","East",68997,50872,50907,17166,33706,33.74,66.26,"Predominantly Urban",19.2,40.1,23372,88.5416666666667,90.1,615.4,18.1990107652022,33.2157404713413,24.8254291533314,23.7598196101251
"E07000172","Broxtowe","E12000004","East Midlands",83593,65426,65468,29672,35754,45.35,54.65,"Predominantly Urban",28.2,43.1,17665,91.9642857142857,92.7,561.6,25.9327801325294,30.8877081965256,20.810697868784,22.3688138021611
"E07000117","Burnley","E12000002","North West",64461,43316,43350,14462,28854,33.39,66.61,"Predominantly Urban",18.7,40,18495,91.8604651162791,87.3,421.8,12.7490039840637,26.2201195219123,23.7051792828685,37.3256972111554
"E08000002","Bury","E12000002","North West",141600,101028,101144,46354,54674,45.88,54.12,"Predominantly Urban",25.7,40.6,16708,90.3743315508021,89.1,516.8,21.3032753186241,32.496231327943,19.9105796902837,26.2899136631492
"W06000018","Caerphilly","W92000004","Wales",130801,92473,92528,39178,53295,42.37,57.63,NA,18.7,41.5,13415,97.2067039106145,98.3,478.3,14.2639472766325,27.8853744056689,23.8888990876214,33.9617792300773
"E08000033","Calderdale","E12000003","Yorkshire and The Humber",149195,105925,106008,46950,58975,44.32,55.68,"Predominantly Urban",25,41.9,20950,91.7874396135266,89.6,500.9,20.7494440771681,30.2842718913396,21.9529418835267,27.0133421479656
"E07000008","Cambridge","E12000006","East",80108,57799,57860,42682,15117,73.85,26.15,"Predominantly Urban",47.3,31.3,45204,72.8682170542636,82.4,583.3,41.7418882654306,28.1776042937302,12.1086443848093,17.9718630560299
"E09000007","Camden","E12000007","London",145425,95133,95282,71295,23838,74.94,25.06,"Predominantly Urban",50.5,34,109694,57.0247933884297,66.2,719.8,39.253967660296,34.6274201792772,8.3691762975153,17.7494358629116
"E07000192","Cannock Chase","E12000005","West Midlands",75010,53578,53610,16684,36894,31.14,68.86,"Urban with Significant Rural",17.2,42.5,16116,96.9387755102041,97.7,490.7,14.5157033518079,27.8701504354711,28.4738717339667,29.1402744787543
"E07000106","Canterbury","E12000008","South East",109399,82048,82105,40169,41879,48.96,51.04,"Predominantly Urban",27.3,38,19066,89.7435897435898,92.8,583.4,24.6842628068682,34.8659003831418,20.0321649874651,20.417671822525
"W06000015","Cardiff","W92000004","Wales",243689,169604,169753,101788,67816,60.02,39.98,NA,32.3,33.6,25243,88.169014084507,84.5,510.2,24.992183521971,34.8882913625685,15.1318081523633,24.9877169630973
"E07000028","Carlisle","E12000002","North West",80124,59683,59721,23788,35895,39.86,60.14,"Urban with Significant Rural",22.2,44.1,22221,93.4579439252336,97.9,428,15.6562616447387,27.3683607074268,25.0695101327142,31.9058675151202
"W06000010","Carmarthenshire","W92000004","Wales",139227,103035,103126,47654,55381,46.25,53.75,NA,23.9,45.7,15159,92.896174863388,97.9,464.2,16.545810420356,27.7099450088545,26.0919004567061,29.6523441140833
"E07000069","Castle Point","E12000006","East",68860,51845,51909,14154,37691,27.3,72.7,"Predominantly Urban",14.6,46.7,14523,98.876404494382,96.9,565.9,16.5121981630024,33.7849632184863,27.4884668135157,22.2143718049956
"E06000056","Central Bedfordshire","E12000006","East",204004,158804,158896,69670,89134,43.87,56.13,"Predominantly Rural",27.3,41.1,19495,90.8759124087591,93.7,574.8,26.0539682945865,32.9797714855995,22.9601955039216,18.0060647158924
"W06000008","Ceredigion","W92000004","Wales",53400,39742,39772,21711,18031,54.63,45.37,NA,27.9,44.7,16849,93.3333333333333,96.6,423.7,19.5769705017547,31.9880489424263,26.1121123020013,22.3228682538177
"E07000130","Charnwood","E12000004","East Midlands",133780,94172,94258,43500,50672,46.19,53.81,"Predominantly Urban",26.8,38.5,18222,86.8571428571429,87.3,518.9,24.1464864975702,32.1884803871312,22.5983719165864,21.0666611987123
"E07000070","Chelmsford","E12000006","East",129971,100794,100866,47545,53249,47.17,52.83,"Predominantly Urban",28.8,41.6,25148,91.8604651162791,93.7,602.6,28.9668866436956,34.8653857384804,19.0951741322588,17.0725534855652
"E07000078","Cheltenham","E12000009","South West",87060,66013,66059,37081,28932,56.17,43.83,"Predominantly Urban",36.2,39.6,27757,87.8260869565217,94.2,546.8,29.1847297758861,34.3632589790074,16.1319986337721,20.3200126113344
"E07000177","Cherwell","E12000008","South East",108342,81836,81912,40668,41168,49.69,50.31,"Urban with Significant Rural",28.1,40.9,31156,86.013986013986,92.1,559.1,25.4604019326378,30.9945615386411,21.765515953598,21.7795205751231
"E06000049","Cheshire East","E12000002","North West",285957,221125,221229,107962,113163,48.82,51.18,"Urban with Significant Rural",32,45.6,32314,94.6236559139785,96.6,536.6,29.747729028477,29.9848157915768,18.9633891863573,21.3040659935889
"E06000050","Cheshire West and Chester","E12000002","North West",259878,193537,193633,95455,98082,49.32,50.68,"Urban with Significant Rural",29.4,44.1,26851,93.3333333333333,97.3,527.8,25.7822873109926,29.4702839816888,19.7746774736926,24.972751233626
"E07000034","Chesterfield","E12000004","East Midlands",79905,57424,57470,22946,34478,39.96,60.04,"Predominantly Urban",21,44.1,20591,94.1747572815534,96.5,486.7,16.5711076959451,28.6676912164559,23.684832722544,31.076368365055
"E07000225","Chichester","E12000008","South East",91659,71337,71406,35011,36326,49.08,50.92,"Predominantly Rural",32.4,48.4,26334,93.0434782608696,96.7,540,28.7987371744278,31.4885556432518,21.1049723756906,18.6077348066298
"E07000005","Chiltern","E12000008","South East",70185,58604,58651,32241,26363,55.02,44.98,"Urban with Significant Rural",41,44.9,27166,84.0425531914894,91.4,692.8,40.9880521930514,30.9817638736048,15.6225436252162,12.4076403081277
"E07000118","Chorley","E12000002","North West",84159,63515,63562,27417,36098,43.17,56.83,"Urban with Significant Rural",27.8,43.1,15873,95.4545454545455,96.8,513.5,24.2109384411517,30.7523189977111,22.4129622936996,22.6237802674377
"E07000048","Christchurch","E12000009","South West",39176,31050,31066,12782,18268,41.17,58.83,"Predominantly Urban",25.1,50.6,22029,95.9183673469388,97.5,597.3,23.8342824131386,31.6167368160436,23.5619377733762,20.9870429974416
"S12000036","City of Edinburgh","S92000003","Scotland",346073,252294,252481,187796,64498,74.44,25.56,NA,41.4,36.3,36963,NA,91.6,554.2,30.103191416661,36.0822569990205,12.8761475204447,20.9384040638739
"E09000001","City of London","E12000007","London",5987,4399,4405,3312,1087,75.29,24.71,"Predominantly Urban",68.4,38.7,5333112,NA,78.6,864.7,60.9545073960368,28.0770304214346,4.9399944180854,6.0284677644432
"S12000005","Clackmannanshire","S92000003","Scotland",37841,25427,25439,14691,10736,57.78,42.22,NA,21.9,44.2,15800,NA,98.3,546.7,15.8780416300205,27.6575784227499,24.0457343887423,32.4186455584872
"E07000071","Colchester","E12000006","East",127520,95719,95802,44414,51305,46.4,53.6,"Urban with Significant Rural",27.2,38.2,21520,87.8453038674033,92,531.6,23.3656512272736,34.7786441371867,20.4849545006234,21.3707501349164
"W06000003","Conwy","W92000004","Wales",91368,65504,65558,30147,35357,46.02,53.98,NA,25.5,48.7,15568,94.7368421052632,97.6,494.8,18.294649104128,29.2276336202963,24.3208712317099,28.1568460438658
"E07000029","Copeland","E12000002","North West",54206,37947,37975,14419,23528,38,62,"Predominantly Rural",21,46,24500,98.5294117647059,98.4,714.4,17.6055688733174,25.4748294302047,25.1106398672322,31.8089618292458
"E07000150","Corby","E12000004","East Midlands",43313,32081,32100,11470,20611,35.75,64.25,"Predominantly Urban",14.9,37.1,20630,76.1194029850746,95.5,467.8,11.7220975311161,23.6584370536625,23.0157110793716,41.6037543358498
"E06000052","Cornwall","E12000009","South West",419755,323205,323491,140540,182665,43.48,56.52,"Predominantly Rural",25,46.7,17928,94.6886446886447,98.1,443.2,18.3326786484729,28.653946461804,27.2250162597961,25.788358629927
"E07000079","Cotswold","E12000009","South West",68734,54821,54847,28015,26806,51.1,48.9,"Predominantly Rural",33.7,48.5,29214,90.4761904761905,97.7,532.6,30.3942771585427,29.7704208950258,22.2508733987689,17.5844285476626
"E06000047","County Durham","E12000001","North East",389507,267398,267546,113521,153877,42.45,57.55,"Predominantly Rural",21.5,43.4,15475,96.6861598440546,98.1,480.7,16.2657211750048,28.3858250633806,22.9942910982043,32.3541626634103
"E08000026","Coventry","E12000005","West Midlands",221389,153064,153234,67967,85097,44.4,55.6,"Predominantly Urban",23,32.8,22165,73.6231884057971,73.8,506.2,16.6398853692237,31.6032956348191,19.6550841819764,32.1017348139809
"E07000163","Craven","E12000003","Yorkshire and The Humber",44320,35891,35907,16930,18961,47.17,52.83,"Predominantly Rural",31.8,49.3,26664,94.5454545454545,97.3,450.2,26.6536251375474,28.5364959041448,25.6938501039247,19.1160288543832
"E07000226","Crawley","E12000008","South East",73575,53835,53883,22388,31447,41.59,58.41,"Predominantly Urban",21.5,36.6,42924,75.6756756756757,79.8,544.7,17.6987744952933,33.8582677165354,23.0004144218815,25.4425433662897
"E09000008","Croydon","E12000007","London",245349,171134,171292,92913,78221,54.29,45.71,"Predominantly Urban",31.8,36.8,19481,67.8100263852243,55,602.8,24.0792150912163,35.9269924474946,17.8406386867607,22.1531537745284
"E07000096","Dacorum","E12000006","East",108965,86244,86308,42542,43702,49.33,50.67,"Urban with Significant Rural",30.9,40.5,26512,90,90.7,601.6,29.1638766126512,32.9851345922057,19.3830632561046,18.4679255390384
"E06000005","Darlington","E12000001","North East",77662,55166,55195,24172,30994,43.82,56.18,"Predominantly Urban",23.7,42.7,24585,91.3461538461538,95.9,484,18.195843278803,30.3283460441288,21.977062350818,29.4987483262502
"E07000107","Dartford","E12000008","South East",73951,55855,55883,19985,35870,35.78,64.22,"Predominantly Urban",22,37.4,29495,84.4660194174757,87.12,577.2,19.0630515000802,34.6895555912081,24.2098507941601,22.0375421145516
"E07000151","Daventry","E12000004","East Midlands",61004,49381,49420,20443,28938,41.4,58.6,"Predominantly Rural",28.8,45.2,25149,91.025641025641,96.4,498,27.7954311233253,30.6466849879766,21.4230504981106,20.1348333905874
"W06000004","Denbighshire","W92000004","Wales",75362,52072,52108,23955,28117,46,54,NA,24.2,45.9,16482,95.7446808510638,97.3,435.3,17.7841821100248,27.7652123157741,25.2407704654896,29.2098351087115
"E06000015","Derby","E12000004","East Midlands",171246,120655,120798,51612,69043,42.78,57.22,"Predominantly Urban",24.2,36.6,27266,84.9802371541502,80.2,518.4,18.990440662159,28.3503018056527,20.7235563845496,31.9357011476387
"E07000035","Derbyshire Dales","E12000004","East Midlands",57075,46728,46756,22633,24095,48.44,51.56,"Predominantly Rural",33.4,49.9,22401,95.7142857142857,98.6,552.7,29.843137254902,25.8921568627451,25.0490196078431,19.2156862745098
"E08000017","Doncaster","E12000003","Yorkshire and The Humber",217432,151182,151246,46922,104260,31.04,68.96,"Predominantly Urban",17,41.4,16889,92.3333333333333,95.1,465.5,13.4736408834393,25.9702559547665,25.0127273318097,35.5433758299845
"E07000108","Dover","E12000008","South East",85011,65016,65057,24606,40410,37.85,62.15,"Urban with Significant Rural",22,46.1,15715,89.1891891891892,96.5,498.4,17.5173979271826,31.7403900719811,23.3863982557271,27.3558137451092
"E08000027","Dudley","E12000005","West Midlands",244516,175226,175333,56780,118446,32.4,67.6,"Predominantly Urban",19.2,42.2,15762,93.9490445859873,89.9,499.4,16.9511515906038,28.9923445707608,26.0535770839476,28.0029267546877
"S12000006","Dumfries and Galloway","S92000003","Scotland",115837,82667,82715,43864,38803,53.06,46.94,NA,21.5,48.5,18720,NA,98.8,463.1,13.2702354149817,25.283612756563,29.5766027672736,31.8695490611817
"S12000042","Dundee City","S92000003","Scotland",105554,66385,66418,39688,26697,59.78,40.22,NA,24.8,37.2,21795,NA,94,463.3,14.2444157496097,35.4770944552585,17.8599649237767,32.4185248713551
"E09000009","Ealing","E12000007","London",212991,149041,149267,90024,59017,60.4,39.6,"Predominantly Urban",37,35.9,26465,48.3965014577259,48.9,562.2,28.0685429185187,30.4582397022283,17.6475246740648,23.8256927051882
"S12000008","East Ayrshire","S92000003","Scotland",91977,57833,57859,33891,23942,58.6,41.4,NA,17.9,44.1,15538,NA,98.8,523.9,12.870433746546,27.3506223540447,26.9652952062261,32.8136486931833
"E07000009","East Cambridgeshire","E12000006","East",62435,48086,48120,23599,24487,49.08,50.92,"Predominantly Rural",29,42.6,22000,91.9540229885057,96,565.6,28.0961987263162,29.2749495668684,23.9824374035837,18.6464143032317
"E07000040","East Devon","E12000009","South West",112527,88783,88831,40743,48040,45.89,54.11,"Predominantly Rural",29.1,50.5,17016,97.037037037037,98.3,498.9,23.0007725100856,30.5999828331092,25.2496352035707,21.1496094532345
"E07000049","East Dorset","E12000009","South West",71966,58488,58530,24786,33702,42.38,57.62,"Urban with Significant Rural",27.7,51.7,20446,95.4545454545455,98.1,548.2,28.7505617977528,31.9865168539326,22.8269662921348,16.4359550561798
"S12000045","East Dunbartonshire","S92000003","Scotland",83031,62374,62418,44534,17840,71.4,28.6,NA,34.8,46,13985,NA,95.8,617.5,29.5535057816991,34.4529109016777,18.4847269567542,17.508856359869
"E07000085","East Hampshire","E12000008","South East",90588,73922,73971,37346,36576,50.52,49.48,"Predominantly Rural",33.9,46.5,23415,89.6551724137931,96.3,579,32.8222429737627,30.6142121276019,20.5500497032864,16.013495195349
"E07000242","East Hertfordshire","E12000006","East",106260,85366,85435,42372,42994,49.64,50.36,"Urban with Significant Rural",33.5,42.1,25233,93.006993006993,95.4,640.6,33.4875202517082,33.6049214585926,18.5376505670478,14.3699077226514
"E07000137","East Lindsey","E12000004","East Midlands",107009,80128,80179,23515,56613,29.35,70.65,"Predominantly Rural",18.1,51.2,16192,96.2962962962963,98.4,462.1,14.2827153690729,26.9411425122674,26.7941955968406,31.981946521819
"S12000010","East Lothian","S92000003","Scotland",77788,55764,55800,36026,19738,64.6,35.4,NA,27,44.2,14827,NA,98.3,558.1,20.9976124411176,31.8384203394205,23.6529650900174,23.5110021294444
"E07000152","East Northamptonshire","E12000004","East Midlands",68334,52574,52614,21680,30894,41.24,58.76,"Predominantly Rural",24.2,44.1,14281,92.0454545454545,96.6,564.2,23.2874635126426,30.1148640964404,24.906175366769,21.691497024148
"S12000011","East Renfrewshire","S92000003","Scotland",69575,52941,52969,39345,13596,74.32,25.68,NA,35.2,43.7,12684,NA,94.1,668.6,31.1662096282754,34.7120658135283,15.6230956733699,18.4986288848263
"E06000011","East Riding of Yorkshire","E12000003","Yorkshire and The Humber",266047,198915,199039,78779,120136,39.6,60.4,"Predominantly Rural",25.9,48,17790,95.7831325301205,98,501.1,22.4274677406098,30.3967699515082,24.6578860853127,22.5178762225692
"E07000193","East Staffordshire","E12000005","West Midlands",83558,62116,62160,22850,39266,36.79,63.21,"Urban with Significant Rural",23.4,41.9,22985,91.2280701754386,90.4,476.2,20.0173085244483,26.0637530650512,22.4722342420309,31.4467041684696
"E07000061","Eastbourne","E12000008","South East",71726,53545,53598,22845,30700,42.67,57.33,"Predominantly Urban",24.4,44.9,18242,84.1584158415842,94,522.1,18.7080120461992,33.209782572724,21.9412913260747,26.1409140550022
"E07000086","Eastleigh","E12000008","South East",97280,76074,76148,36172,39902,47.55,52.45,"Predominantly Urban",27.9,42.1,27860,95.3488372093023,94.5,547.8,26.9544501126447,32.6773182795142,22.3528497811845,18.0153818266567
"E07000030","Eden","E12000002","North West",41872,31718,31746,14807,16911,46.68,53.32,"Predominantly Rural",27.4,49.3,22629,98.0769230769231,98.9,456.7,19.8699794026777,25.437693099897,31.6941297631308,22.9981977342945
"S12000013","Eilean Siar","S92000003","Scotland",21259,14903,14919,8232,6671,55.24,44.76,NA,26.4,48.2,16989,NA,99.1,495.8,16.7334433184068,26.2903605939194,31.8406787650247,25.1355173226491
"E07000207","Elmbridge","E12000008","South East",98613,77003,77063,45841,31162,59.53,40.47,"Predominantly Urban",43.9,42.5,33510,74.2424242424242,90.1,743.6,44.0290250366673,31.7782981241798,12.8862928749711,11.3063839641819
"E09000010","Enfield","E12000007","London",198387,136906,137056,76425,60481,55.82,44.18,"Predominantly Urban",28.7,35.5,20091,64.1337386018237,60.9,564,21.6138084396675,32.1141525917298,17.2245459840102,29.0474929845926
"E07000072","Epping Forest","E12000006","East",100016,76852,76900,28676,48176,37.31,62.69,"Urban with Significant Rural",25.3,42.6,24109,86.6141732283465,90.4,669.9,25.473321858864,36.2951807228916,20.223752151463,18.0077452667814
"E07000208","Epsom and Ewell","E12000008","South East",56382,45303,45343,23596,21707,52.08,47.92,"Predominantly Urban",36,41.1,25771,81.0126582278481,85.7,652,34.269298489482,35.1959966638866,17.0512464090446,13.4834584375869
"E07000036","Erewash","E12000004","East Midlands",87596,66530,66566,25791,40739,38.77,61.23,"Predominantly Urban",20.7,43.4,15983,97.3684210526316,97,507.2,17.9764851485149,29.1854185418542,25.8157065706571,27.0223897389739
"E07000041","Exeter","E12000009","South West",86417,63803,63877,35270,28533,55.28,44.72,"Predominantly Urban",28.6,33.8,32090,87.2,93,478.1,22.4353062442359,34.7990017902675,19.2372375630662,23.5284544024304
"S12000014","Falkirk","S92000003","Scotland",117392,79258,79302,44987,34271,56.76,43.24,NA,20.2,42.8,18353,NA,98,514.1,14.8425235003392,31.5999612365539,24.3298769260587,29.2276383370482
"E07000087","Fareham","E12000008","South East",90175,71735,71772,32210,39525,44.9,55.1,"Predominantly Urban",29.8,45.8,23880,97.3684210526316,96.7,575.7,29.3238234652879,35.1979319151587,20.0735042202635,15.4047403992899
"E07000010","Fenland","E12000006","East",71447,52626,52649,15055,37571,28.61,71.39,"Predominantly Rural",14.9,44.5,22434,91.8367346938776,96.7,457.7,12.9969965675057,26.4445080091533,27.3526887871854,33.2058066361556
"S12000015","Fife","S92000003","Scotland",272995,182220,182307,106754,75466,58.59,41.41,NA,23.8,43.4,18162,NA,97.5,517.5,16.9237818848327,31.3035656704513,23.6045347317686,28.1681177129474
"W06000005","Flintshire","W92000004","Wales",115964,86797,86854,37867,48930,43.63,56.37,NA,22.4,43.6,23648,94.1558441558442,98.4,528.3,18.307121013543,27.5578855395369,25.4215814766273,28.7134119702927
"E07000201","Forest Heath","E12000006","East",38527,27951,27977,9791,18160,35.03,64.97,"Predominantly Rural",19.2,36.6,21041,69.3548387096774,91.7,422.7,15.3574068208215,36.6328793158061,24.5961355717453,23.4135782916271
"E07000080","Forest of Dean","E12000009","South West",66705,51643,51678,21392,30251,41.42,58.58,"Predominantly Rural",24,47.5,16859,95.1219512195122,98.4,524.4,20.2832422194481,27.2093323576256,27.7258835177134,24.7815419052129
"E07000119","Fylde","E12000002","North West",61174,46206,46227,19889,26317,43.04,56.96,"Predominantly Urban",29.8,49.4,28900,93.421052631579,97.5,520.1,27.5691309873351,33.8314562426048,17.625662824839,20.9737499452211
"E08000037","Gateshead","E12000001","North East",145866,102958,103007,44429,58529,43.15,56.85,"Predominantly Urban",21.5,41.4,21661,93.9698492462311,96.2,483.3,16.9372943383461,29.7890334286681,21.4057262355076,31.8679459974782
"E07000173","Gedling","E12000004","East Midlands",88298,67577,67635,30035,37542,44.45,55.55,"Predominantly Urban",25.3,43.8,14441,91.3793103448276,93,516.1,21.6066404051773,33.1963984243106,23.1119864940912,22.0849746764209
"S12000046","Glasgow City","S92000003","Scotland",449806,252809,253000,168335,84474,66.59,33.41,NA,25.9,35.7,32364,NA,88.4,515.8,16.8833814593704,33.0280430122766,16.0427996953002,34.0457758330528
"E07000081","Gloucester","E12000009","South West",89661,64577,64608,26801,37776,41.5,58.5,"Predominantly Urban",22.2,38.5,26912,89.6825396825397,89,477.1,17.5374782405363,31.9753695861155,23.596352204526,26.8907999688223
"E07000088","Gosport","E12000008","South East",62781,46127,46150,16671,29456,36.14,63.86,"Predominantly Urban",21.5,41.7,13620,92.8571428571429,96.4,536.1,16.5726564598442,34.3770384866275,23.9208011971912,25.1295038563371
"E07000109","Gravesham","E12000008","South East",72808,54519,54553,18876,35643,34.62,65.38,"Predominantly Urban",20,39.2,15082,82.0754716981132,82.5,545,17.1271643390603,29.6393047322415,25.0644696741351,28.1690612545631
"E07000145","Great Yarmouth","E12000006","East",72634,50128,50156,14284,35844,28.5,71.5,"Urban with Significant Rural",14.2,45,19340,89.7959183673469,96.8,448.8,11.2350124095501,27.7659314153878,25.4518124934457,35.5472436816164
"E09000011","Greenwich","E12000007","London",168967,117365,117472,65248,52117,55.59,44.41,"Predominantly Urban",33.2,34.2,16890,63.5036496350365,62.3,601,24.7035786792883,31.6735341109763,17.9126172771284,25.7102699326069
"E07000209","Guildford","E12000008","South East",102209,78613,78671,44155,34458,56.17,43.83,"Predominantly Urban",39.5,37.4,36165,84.7222222222222,90.5,646.1,37.9673945557882,32.3935586798285,16.1357064512913,13.503340313092
"W06000002","Gwynedd","W92000004","Wales",84575,61182,61245,35517,25665,58.05,41.95,NA,26.4,43.2,18855,95.0413223140496,96.3,433.9,17.7412963487121,29.0716105292952,25.9949051797339,27.1921879422587
"E09000012","Hackney","E12000007","London",163284,106266,106422,83398,22868,78.48,21.52,"Predominantly Urban",41.8,32.3,26970,63.3333333333333,54.5,603.4,26.6675666857921,33.2455814686062,12.524891153937,27.5619606916647
"E06000006","Halton","E12000002","North West",95289,65005,65047,27678,37327,42.58,57.42,"Predominantly Urban",17.6,40.9,26717,96.031746031746,97.8,484.7,13.7016275753553,28.871023258101,21.4412155185131,35.9861336480307
"E07000164","Hambleton","E12000003","Yorkshire and The Humber",70133,54982,55016,25480,29502,46.34,53.66,"Predominantly Rural",32.1,48.4,23123,95.4545454545455,98.2,479.5,26.600579891858,30.7930412977039,23.1721651908158,19.4342136196223
"E09000013","Hammersmith and Fulham","E12000007","London",114863,80242,80350,56188,24054,70.02,29.98,"Predominantly Urban",49.6,34.5,55434,56.4245810055866,68,686.1,37.9175711309567,33.8995644002855,10.1295144301511,18.0533500386067
"E07000131","Harborough","E12000004","East Midlands",67420,54878,54918,27028,27850,49.25,50.75,"Predominantly Rural",31.8,45.5,23761,97.7272727272727,95.2,574.9,31.3666975843852,32.1450175424446,20.647658991007,15.8406258821632
"E09000014","Haringey","E12000007","London",150098,105846,106034,79991,25855,75.57,24.43,"Predominantly Urban",40.8,34.2,21212,60.4395604395604,60.4,576.6,27.9183003134289,31.4666389091288,13.7665822374889,26.8484785399535
"E07000073","Harlow","E12000006","East",59124,43469,43489,13867,29602,31.9,68.1,"Predominantly Urban",17.6,37.4,22687,87.0588235294118,88.9,490.7,14.9145282802402,31.7870664270144,24.4177597613675,28.8806455313779
"E07000165","Harrogate","E12000003","Yorkshire and The Humber",119987,94585,94665,48211,46374,50.97,49.03,"Urban with Significant Rural",34.1,46.7,24380,92.156862745098,96.3,518,29.9491202035192,32.2047911808353,19.9788000847997,17.8672885308459
"E09000015","Harrow","E12000007","London",162397,117225,117361,64042,53183,54.63,45.37,"Predominantly Urban",36.8,37.4,22155,48.1781376518219,42.2,625.7,32.2943505310124,30.7107396468296,16.4268208383083,20.5680889838497
"E07000089","Hart","E12000008","South East",69946,57795,57822,30282,27513,52.4,47.6,"Urban with Significant Rural",37.5,43.1,30730,86.9565217391304,94.6,708.1,40.4532729991947,32.3081642827012,16.520305249837,10.7182574682671
"E06000001","Hartlepool","E12000001","North East",70341,46100,46134,14029,32071,30.43,69.57,"Predominantly Urban",17.6,41.8,15777,96.7391304347826,97.6,495.2,12.7186062904904,25.6050485045819,23.8394145882985,37.8369306166292
"E07000062","Hastings","E12000008","South East",61957,44350,44387,20011,24339,45.12,54.88,"Predominantly Urban",21.2,42.5,17763,95.5555555555556,93.6,446.1,15.0526179869585,31.3093162889793,22.8710697914649,30.7669959325973
"E07000090","Havant","E12000008","South East",95366,70629,70670,26582,44047,37.64,62.36,"Predominantly Urban",22.3,45.6,21485,91.8032786885246,97,520.1,19.986192613048,28.572661373835,24.548383385111,26.892762628006
"E09000016","Havering","E12000007","London",183082,139086,139176,42201,96885,30.34,69.66,"Predominantly Urban",19.4,39.7,20311,87.5502008032128,87.6,626.3,18.8745027124774,35.8871609403255,23.6904159132007,21.5479204339964
"E06000019","Herefordshire, County of","E12000005","West Midlands",138247,108270,108336,44148,64122,40.78,59.22,"Predominantly Rural",27.5,46.5,20643,90.8108108108108,98,459,20.7803255136954,27.5098769399444,26.2452505623712,25.464546983989
"E07000098","Hertsmere","E12000006","East",73295,56125,56159,27593,28532,49.16,50.84,"Predominantly Urban",30.8,40.4,31571,81.3725490196078,84.9,551.6,28.8274062886173,35.1194562680214,18.2514073870658,17.8017300562955
"E07000037","High Peak","E12000004","East Midlands",72487,54833,54864,27116,27717,49.45,50.55,"Predominantly Rural",29.4,45.2,17562,95.6043956043956,97.9,510.9,24.3703080053322,28.5939802146916,23.6195888584859,23.4161229214902
"S12000017","Highland","S92000003","Scotland",175563,125657,125728,70308,55349,55.95,44.05,NA,26.4,45.7,22525,NA,98.5,488.9,17.1490051343511,28.706061802879,28.0496275212115,26.0953055415583
"E09000017","Hillingdon","E12000007","London",193033,133022,133171,58040,74982,43.63,56.37,"Predominantly Urban",28,35.3,41306,68.4563758389262,60.5,605.5,22.3902590352102,34.3169949847474,21.4841528359444,21.808593144098
"E07000132","Hinckley and Bosworth","E12000004","East Midlands",85305,65470,65516,25969,39501,39.67,60.33,"Predominantly Rural",24.1,44.8,21423,93.5185185185185,96.4,524.1,22.3246725490795,31.4230757487864,23.8359844899704,22.4162672121638
"E07000227","Horsham","E12000008","South East",104270,85088,85133,43785,41303,51.46,48.54,"Predominantly Rural",32.6,45.8,25731,90.2255639097744,95.8,627.9,32.4904952867038,33.698765689287,19.4859642726941,14.324774751315
"E09000018","Hounslow","E12000007","London",165050,115076,115209,58755,56321,51.06,48.94,"Predominantly Urban",34.6,35.2,39219,50.9225092250922,51.3,565.7,25.4188897644916,31.7619853501621,18.8238789773535,23.9952459079928
"E07000011","Huntingdonshire","E12000006","East",128486,99927,99990,45729,54198,45.76,54.24,"Predominantly Rural",27.9,42.9,25239,90.1734104046243,94.7,543.5,26.4955283846169,32.7055687547082,21.5043170887176,19.2945857719573
"E07000120","Hyndburn","E12000002","North West",62042,40137,40168,13569,26568,33.81,66.19,"Predominantly Urban",18.9,40,15995,88.6075949367088,87.5,454.5,13.2104813000544,27.1246403856621,25.3946038410699,34.2702744732136
"S12000018","Inverclyde","S92000003","Scotland",58624,38698,38722,24688,14010,63.8,36.2,NA,19.7,45.4,18788,NA,98.6,518.9,13.6115818168423,30.5680394901643,20.7139173358874,35.106461357106
"E07000202","Ipswich","E12000006","East",91574,66353,66405,27698,38655,41.74,58.26,"Predominantly Urban",20.6,37.6,24669,88.8059701492537,88.8,483.3,17.1901731335113,28.1895116220717,23.0411277629508,31.5791874814663
"W06000001","Isle of Anglesey","W92000004","Wales",51445,37951,37981,18618,19333,49.06,50.94,NA,26.1,47.2,13411,97.1014492753623,98.1,481.2,17.3463839042958,27.7769538780958,25.8045380394483,29.0721241781601
"E06000046","Isle of Wight","E12000008","South East",109844,79380,79430,30207,49173,38.05,61.95,"Predominantly Rural",22.6,49.1,17739,94.8148148148148,97.2,479.1,18.2135415359124,29.4127984334597,24.8387015790927,27.5349584515352
"E06000053","Isles of Scilly","E12000009","South West",1799,1424,1424,803,621,56.39,43.61,"Predominantly Rural",33,47.9,26601,NA,98.8,NA,17.629179331307,31.4589665653495,32.8267477203647,18.0851063829787
"E09000019","Islington","E12000007","London",144514,101600,101726,76420,25180,75.22,24.78,"Predominantly Urban",48.1,32,74851,62.5550660792952,68.1,670.8,35.3925881738871,33.1531330002734,9.971913603261,21.4823652225785
"E09000020","Kensington and Chelsea","E12000007","London",83042,54739,54801,37601,17138,68.69,31.31,"Predominantly Urban",52.7,38.5,70390,46.1538461538462,70.5,762.8,44.2573475925897,33.9049417299924,7.02025908098989,14.817451596428
"E07000153","Kettering","E12000004","East Midlands",70570,53907,53941,21030,32877,39.01,60.99,"Predominantly Urban",23.3,41.2,18952,90.7216494845361,93.7,505.5,20.3823362014128,29.5055073822358,24.3864876627942,25.7256687535572
"E07000146","King's Lynn and West Norfolk","E12000006","East",113884,85080,85128,28587,56493,33.6,66.4,"Predominantly Rural",19.1,46.7,19050,88.5906040268456,97.1,468.4,15.9554865926393,27.5493381176357,26.6037918828492,29.8913834068758
"E06000010","Kingston upon Hull, City of","E12000003","Yorkshire and The Humber",180230,113355,113439,36709,76646,32.38,67.62,"Predominantly Urban",15.2,35.7,19803,89.0625,94,445.9,10.2705222819845,26.1538986365859,23.6681411400826,39.907437941347
"E09000021","Kingston upon Thames","E12000007","London",108838,85270,85335,52533,32737,61.61,38.39,"Predominantly Urban",41.4,36.2,27809,71.264367816092,74.4,701.9,36.856131418798,34.6823913129947,13.7763016586452,14.6851756095621
"E08000034","Kirklees","E12000003","Yorkshire and The Humber",307081,217240,217449,98485,118755,45.33,54.67,"Predominantly Urban",23.9,39.1,16594,87.7314814814815,79.1,484.2,19.220666167779,29.132240871119,21.7665205638449,29.8805723972571
"E08000011","Knowsley","E12000002","North West",111647,70903,70937,34345,36558,48.44,51.56,"Predominantly Urban",15.5,40.2,24806,97.2602739726027,97.2,474.9,11.045347532399,27.7057801051728,22.0136856696517,39.2351866927765
"E09000022","Lambeth","E12000007","London",210800,141924,142162,111584,30340,78.62,21.38,"Predominantly Urban",46.6,32.6,34723,66.8730650154799,57,621.5,32.1150226069211,32.9005471402685,12.8419626677926,22.1424675850179
"E07000121","Lancaster","E12000002","North West",100567,73041,73098,35732,37309,48.92,51.08,"Urban with Significant Rural",27.2,39.7,18854,93.5714285714286,95.4,492.7,21.0247306859908,30.048877756973,22.9968630693286,25.9295284877076
"E08000035","Leeds","E12000003","Yorkshire and The Humber",543033,387337,387730,194863,192474,50.31,49.69,"Predominantly Urban",26.9,35.5,27466,87.6623376623377,85,501.8,22.2751960393137,32.6996832428119,19.0408527201218,25.9842679977526
"E06000016","Leicester","E12000004","East Midlands",213819,138972,139309,70980,67992,51.08,48.92,"Predominantly Urban",21.2,31.9,21812,63.049853372434,50.4,421.8,13.887490687982,28.9880604828156,18.0391406769082,39.0853081522943
"E07000063","Lewes","E12000008","South East",76428,59482,59531,30974,28508,52.07,47.93,"Urban with Significant Rural",29.4,47.3,19361,91,96.5,553.4,25.1846780296206,32.791611113113,22.3018990306656,19.7218118266008
"E09000023","Lewisham","E12000007","London",197514,124473,124622,86955,37518,69.86,30.14,"Predominantly Urban",38,34.4,16511,67.4496644295302,53.5,606.4,26.002044989775,35.1094069529652,15.4846625766871,23.4038854805726
"E07000194","Lichfield","E12000005","West Midlands",80369,63278,63318,26064,37214,41.19,58.81,"Urban with Significant Rural",28.4,45.9,21194,97.029702970297,96.8,593.3,28.3281244513116,30.7651789163184,21.0204726621484,19.8862239702216
"E07000138","Lincoln","E12000004","East Midlands",63351,43894,43928,18902,24992,43.06,56.94,"Predominantly Urban",21.3,33.9,24708,88.421052631579,95.5,477.9,15.4655581176318,29.6482738462538,21.4413302588419,33.4448377772726
"E08000012","Liverpool","E12000002","North West",317924,203554,203728,118453,85101,58.19,41.81,"Predominantly Urban",22.4,35,22790,88.9830508474576,88.9,480.5,15.997605970112,32.3667853290856,16.4321473325894,35.203461368213
"E06000032","Luton","E12000006","East",127612,84481,84636,36708,47773,43.45,56.55,"Predominantly Urban",22.3,33.4,22766,67.4418604651163,54.6,495.1,15.3556527933245,30.2398154743733,21.1950069536312,33.209524778671
"E07000110","Maidstone","E12000008","South East",117298,89127,89173,36762,52365,41.25,58.75,"Urban with Significant Rural",25.6,41.5,22873,84.5679012345679,93.6,557.7,24.2473049005712,33.3548082291801,21.7046772323154,20.6932096379333
"E07000074","Maldon","E12000006","East",49073,38831,38850,14529,24302,37.42,62.58,"Predominantly Rural",23.6,48.1,19319,95.1612903225807,97.7,609.8,24.0602767351969,31.4268108229231,25.5111758444905,19.0017365973895
"E07000235","Malvern Hills","E12000005","West Midlands",60217,48497,48538,23203,25294,47.84,52.16,"Predominantly Rural",33.9,50,18968,94.5945945945946,97.4,535,30.1633829889476,28.4046131667468,22.1864488226814,19.2455550216242
"E08000003","Manchester","E12000002","North West",338064,201814,202067,121823,79991,60.36,39.64,"Predominantly Urban",28.9,30,32114,73.2954545454545,66.5,483.7,19.2705504453205,32.8439188202657,14.7250693531902,33.1604613812235
"E07000174","Mansfield","E12000004","East Midlands",77624,56344,56369,16417,39927,29.14,70.86,"Predominantly Urban",16.4,42,14986,88.5714285714286,97.2,435.9,13.12625250501,26.8354891601385,25.6452298536467,34.3930284812048
"E06000035","Medway","E12000008","South East",192524,138886,138975,49889,88997,35.92,64.08,"Predominantly Urban",19.1,37.7,17338,88.7272727272727,89.4,553.7,16.5436616605062,31.9870322842091,25.353357975268,26.1159480800167
"E07000133","Melton","E12000004","East Midlands",37273,30305,30322,12695,17610,41.89,58.11,"Predominantly Rural",26.2,46.1,24385,98.0392156862745,97.9,491.6,23.6935828530726,28.7767920740789,24.2698957456453,23.2597293272033
"E07000187","Mendip","E12000009","South West",85068,65455,65509,33427,32028,51.07,48.93,"Predominantly Rural",27.9,46,20886,91.743119266055,97.7,521,23.2157202002101,27.4083915219675,25.5082493975159,23.8676388803065
"W06000024","Merthyr Tydfil","W92000004","Wales",42855,28865,28881,12574,16291,43.56,56.44,NA,17.8,40.6,15420,96.6101694915254,97.5,426.2,11.3168143590901,26.6185020037252,23.0738838403793,38.9907997968053
"E09000024","Merton","E12000007","London",136352,100100,100207,63003,37097,62.94,37.06,"Predominantly Urban",41.1,36.3,24651,62.4390243902439,64.8,622.4,34.9606572370185,31.8652727186717,15.4753457274863,17.6987243168236
"E07000042","Mid Devon","E12000009","South West",60532,48006,48049,22400,25606,46.66,53.34,"Predominantly Rural",26.4,46.1,16393,96.2025316455696,98.5,479.9,21.0757946210269,27.2193820849078,28.4729939986664,23.231829295399
"E07000203","Mid Suffolk","E12000006","East",78325,61185,61231,27391,33794,44.77,55.23,"Predominantly Rural",26.4,47.1,20366,96.9387755102041,97.8,512.3,24.6975114674757,30.0754866905046,25.7449344457688,19.4820673962509
"E07000228","Mid Sussex","E12000008","South East",108416,87528,87588,46471,41057,53.09,46.91,"Predominantly Urban",33.6,43.4,24332,93.006993006993,95,615.8,31.7369341363901,35.2365455605207,18.9625024285992,14.06401787449
"E06000002","Middlesbrough","E12000001","North East",94612,61358,61393,21181,40177,34.52,65.48,"Predominantly Urban",18.5,36.4,18540,90.6474820143885,88.1,467.6,11.5254789673394,26.6266266266266,20.9698070163186,40.8780873897153
"S12000019","Midlothian","S92000003","Scotland",66758,45468,45497,28217,17251,62.06,37.94,NA,21.1,42.2,15482,NA,98.1,497.4,16.1306571605704,31.707222566646,25.4223496590205,26.7397706137632
"E06000042","Milton Keynes","E12000008","South East",177211,130456,130536,63393,67063,48.59,51.41,"Predominantly Urban",28.2,37,41582,80.5343511450382,80,533.6,25.3712825221157,32.1095795233191,18.2880680901748,24.2310698643904
"E07000210","Mole Valley","E12000008","South East",66730,54796,54830,29088,25708,53.08,46.92,"Urban with Significant Rural",37.9,46.5,37765,88.2352941176471,94.9,597.5,37.173440511832,32.2929910183324,17.8074888241808,12.7260796456548
"W06000021","Monmouthshire","W92000004","Wales",71607,55630,55670,28061,27569,50.44,49.56,NA,33.1,48.1,20418,95.6043956043956,98,610.1,28.5509714374178,28.2065175323167,21.5109528601285,21.731558170137
"S12000020","Moray","S92000003","Scotland",71370,48106,48139,24114,23992,50.13,49.87,NA,22.7,44.3,20624,NA,98.8,490.7,13.8948253512245,29.7270784430508,28.6480047647409,27.7300914409838
"W06000012","Neath Port Talbot","W92000004","Wales",105766,75652,75694,32651,43001,43.16,56.84,NA,18.8,43.4,15191,97.8571428571428,98,486,13.3242819354386,26.7819939605328,24.8226784334839,35.0710456705447
"E07000091","New Forest","E12000008","South East",141061,111740,111786,47199,64541,42.24,57.76,"Urban with Significant Rural",27.2,49.7,24418,95.4802259887006,97.3,537,24.5931321111866,31.3231693516861,23.5993662942617,20.4843322428657
"E07000175","Newark and Sherwood","E12000004","East Midlands",87338,67087,67128,26571,40516,39.61,60.39,"Predominantly Rural",24.2,44.9,18709,92.3076923076923,97.3,469.8,21.0648416657,27.9172949773808,23.8458415497042,27.1720218072149
"E08000021","Newcastle upon Tyne","E12000001","North East",190735,129003,129072,65405,63598,50.7,49.3,"Predominantly Urban",27.2,32.8,26232,83.8487972508591,85.4,496,20.1581027667984,33.3742983359352,16.0239589907109,30.4436399065555
"E07000195","Newcastle-under-Lyme","E12000005","West Midlands",92816,68934,68966,25477,43457,36.96,63.04,"Predominantly Urban",22.5,41.8,15027,96.031746031746,94.9,484.8,18.9388081589121,29.0547926943074,23.3382215704573,28.6681775763232
"E09000025","Newham","E12000007","London",176985,104699,104861,55328,49371,52.84,47.16,"Predominantly Urban",30.1,31.1,19524,46.5671641791045,28.8,505.5,16.5411566637849,29.8846521363243,18.4738590344451,35.1003321654457
"W06000022","Newport","W92000004","Wales",104977,73649,73708,32413,41236,44.01,55.99,NA,23.4,39,20851,89.1156462585034,89.8,456.8,17.6727288837694,29.9802848725162,20.5103781317148,31.8366081119996
"S12000021","North Ayrshire","S92000003","Scotland",104572,67504,67548,38394,29110,56.88,43.12,NA,19.6,45.6,14869,NA,98.9,479.8,12.9445933869526,28.0607685433423,24.2292225201072,34.7654155495979
"E07000043","North Devon","E12000009","South West",75548,58031,58056,24931,33100,42.96,57.04,"Predominantly Rural",22.9,47.1,21033,94.5652173913043,97.9,446.8,17.7136856317744,27.858830589206,27.8325769793347,26.594906799685
"E07000050","North Dorset","E12000009","South West",52980,42201,42223,18399,23802,43.6,56.4,"Predominantly Rural",26.9,47,18483,91.1764705882353,97.5,496.3,22.9636230212811,29.1277911730789,27.0154104203795,20.8931753852605
"E07000038","North East Derbyshire","E12000004","East Midlands",78855,59310,59341,22075,37235,37.22,62.78,"Predominantly Urban",22.2,47.1,14926,98.989898989899,98,503.7,19.5735971345727,29.0260958553641,25.0315538120416,26.3687531980215
"E06000012","North East Lincolnshire","E12000003","Yorkshire and The Humber",116302,78982,79013,23797,55185,30.13,69.87,"Predominantly Urban",16.2,42.3,20476,94.9367088607595,97.4,448.7,11.6356409146365,24.8455271754103,24.3161871777717,39.2026447321815
"E07000099","North Hertfordshire","E12000006","East",99316,77672,77741,42234,35438,54.37,45.63,"Urban with Significant Rural",34.4,41.7,25889,93.8931297709924,89.5,637.3,32.9976801692712,31.0118030948071,18.1839039437122,17.8066127922094
"E07000139","North Kesteven","E12000004","East Midlands",86468,67753,67791,25570,42183,37.74,62.26,"Predominantly Rural",25.4,45.8,17748,96.3636363636364,98.1,509.4,21.798417087823,33.6702584151807,23.8390388099552,20.6922856870411
"S12000044","North Lanarkshire","S92000003","Scotland",254567,154949,155045,95549,59400,61.66,38.34,NA,17.2,41.2,19039,NA,97.9,511,12.3555323346335,30.6681319869202,23.9237553035285,33.0525803749178
"E06000013","North Lincolnshire","E12000003","Yorkshire and The Humber",123611,88862,88907,29947,58915,33.7,66.3,"Urban with Significant Rural",19.5,43.8,20112,93.452380952381,95.9,539.4,15.6596528349203,24.9226127502841,26.4801535989969,32.9375808157988
"E07000147","North Norfolk","E12000006","East",83065,63790,63838,26214,37576,41.09,58.91,"Predominantly Rural",22.3,53,18057,97.029702970297,98.6,442,17.5443765191132,27.1378065846652,28.5740590704869,26.7437578257347
"E06000024","North Somerset","E12000009","South West",160860,124548,124622,59572,64976,47.83,52.17,"Urban with Significant Rural",28.4,45.5,22263,92.7536231884058,97.2,551.8,24.8380271294307,31.8188528220185,21.5296799908147,21.8134400577362
"E08000022","North Tyneside","E12000001","North East",156993,113462,113507,52873,60589,46.6,53.4,"Predominantly Urban",25.3,43.3,20026,93.5643564356436,96.6,498.3,19.7038962591132,33.7142942512251,19.8398470180471,26.7419624716147
"E07000218","North Warwickshire","E12000005","West Midlands",49790,37954,37975,12569,25385,33.12,66.88,"Predominantly Rural",19.8,45.5,35493,93.5483870967742,97.8,492.6,18.955732122588,29.7281228041727,25.9013026322901,25.4148424409491
"E07000134","North West Leicestershire","E12000004","East Midlands",73944,57611,57655,22642,34969,39.3,60.7,"Predominantly Rural",24.3,43.7,30204,94.7916666666667,97.5,500,22.0750939552527,28.8714832636718,24.7831126409329,24.2703101401426
"E07000154","Northampton","E12000004","East Midlands",144948,105259,105350,43805,61454,41.62,58.38,"Predominantly Urban",23.7,36.7,26400,81.447963800905,84.4,483.9,19.1241084165478,31.734664764622,21.0042796005706,28.1369472182596
"E06000057","Northumberland","E12000001","North East",240496,178721,178815,82022,96699,45.89,54.11,"Predominantly Rural",25.6,47.4,15951,97.0967741935484,98.4,479.6,19.4142415245032,29.7379501556988,23.4293044764693,27.4185038433287
"E07000148","Norwich","E12000006","East",96091,66366,66423,37326,29040,56.24,43.76,"Predominantly Urban",27.7,33.4,28130,81.1594202898551,90.7,470.1,20.5243638390465,31.1552725791584,18.234827534461,30.0855360473342
"E06000018","Nottingham","E12000004","East Midlands",195394,120661,120792,59318,61343,49.16,50.84,"Predominantly Urban",21.9,30,27645,77.7777777777778,71.4,435,14.973050877574,31.939152237863,17.6936289510572,35.3941679335058
"E07000219","Nuneaton and Bedworth","E12000005","West Midlands",93978,69831,69876,23736,46095,33.99,66.01,"Predominantly Urban",18.6,41.6,15830,92.8571428571429,91.3,488.7,15.5453867708681,27.9570168898943,25.2165865446413,31.2810097945963
"E07000135","Oadby and Wigston","E12000004","East Midlands",42684,31465,31488,14292,17173,45.42,54.58,"Predominantly Urban",24.8,43.5,15945,85.4545454545455,73,452.9,23.9067656765677,32.4257425742574,21.8853135313531,21.7821782178218
"E08000004","Oldham","E12000002","North West",158084,107403,107493,42034,65369,39.14,60.86,"Predominantly Urban",18.6,37,15464,85.589519650655,77.5,444,14.4843036021601,27.7668981069373,22.6351551836686,35.113643107234
"S12000023","Orkney Islands","S92000003","Scotland",16658,11382,11402,7189,4193,63.16,36.84,NA,26.5,47.1,20561,NA,99.3,505.2,17.2434017595308,24.5601173020528,33.2991202346041,24.8973607038123
"E07000178","Oxford","E12000008","South East",97331,70337,70411,49424,20913,70.27,29.73,"Predominantly Urban",42.6,30.1,41042,69.4267515923567,77.6,559,35.6696691259675,29.9868736703933,13.0018557914272,21.341601412212
"W06000009","Pembrokeshire","W92000004","Wales",92155,68522,68555,29367,39155,42.86,57.14,NA,24.8,47.2,15905,95.9016393442623,97.7,464.8,15.9676604345629,26.5145135028915,28.4711695019931,29.0466565605525
"E07000122","Pendle","E12000002","North West",64534,45335,45388,16704,28631,36.85,63.15,"Predominantly Urban",20.2,39.5,15893,87.6404494382023,79.8,449.5,14.9132614419158,24.8927038626609,25.1054928409132,35.08854185451
"S12000024","Perth and Kinross","S92000003","Scotland",110224,81255,81294,49641,31614,61.09,38.91,NA,30.4,46.1,22680,NA,97.7,516.9,21.5158761790886,31.5309330853372,23.466631238652,23.4865594969222
"E06000031","Peterborough","E12000006","East",120892,87392,87469,34176,53216,39.11,60.89,"Predominantly Urban",20.2,36.1,27745,76.6839378238342,82.2,460.6,17.1641661003363,29.0867269590674,20.7486015996654,33.0005053409309
"E06000026","Plymouth","E12000009","South West",186989,133455,133524,53458,79997,40.06,59.94,"Predominantly Urban",21.5,37.9,19762,90,96.1,485.8,15.8073959749629,33.0209826186014,22.92531755656,28.2463038498757
"E06000029","Poole","E12000009","South West",113421,85448,85494,35741,49707,41.83,58.17,"Predominantly Urban",25.5,43.9,26256,89.9328859060403,95.7,500.2,23.2792133546764,31.6556139949691,23.4278527326778,21.6373199176767
"E06000044","Portsmouth","E12000008","South East",140517,98720,98786,41384,57336,41.92,58.08,"Predominantly Urban",23.7,33.8,25236,86.1904761904762,88.3,513.7,18.9043279497128,34.697284128846,19.8066107251346,26.5917771963067
"W06000023","Powys","W92000004","Wales",103270,79469,79517,36762,42707,46.26,53.74,NA,26.3,49.1,16971,96.1832061068702,98.3,461.1,18.3699533453228,25.8920426408111,31.1309198008705,24.6070842129955
"E07000123","Preston","E12000002","North West",94284,64745,64794,30227,34518,46.69,53.31,"Predominantly Urban",24.6,35.3,24215,86.3309352517986,80.1,435.1,18.6548109657767,31.2399211610822,19.6940512452965,30.4112166278445
"E07000051","Purbeck","E12000009","South West",36418,28720,28736,11754,16966,40.93,59.07,"Predominantly Rural",25.7,49.2,21437,95.5555555555556,98.4,464.1,21.431469609673,30.5607400795261,26.860342449079,21.147447861722
"E06000038","Reading","E12000008","South East",103172,74767,74825,43385,31382,58.03,41.97,"Predominantly Urban",34.8,34.1,41295,74.5341614906832,74.7,566.6,31.3424055845327,29.9658810149418,17.1947919526256,21.4969214478999
"E09000026","Redbridge","E12000007","London",189843,128233,128423,69213,59020,53.97,46.03,"Predominantly Urban",33.9,34.9,17274,60.4026845637584,42.5,652.5,28.0732913381802,33.2890382428478,15.8887341400151,22.7489362789569
"E06000003","Redcar and Cleveland","E12000001","North East",103529,72714,72741,24586,48128,33.81,66.19,"Urban with Significant Rural",18.9,44.7,15188,97.0149253731343,98.5,505.5,13.3172202546186,26.332918541208,25.0981142911841,35.2517469129894
"E07000236","Redditch","E12000005","West Midlands",61038,45882,45913,17303,28579,37.71,62.29,"Predominantly Urban",20.7,39.8,20883,89.2857142857143,92,428.9,17.8478374153205,28.9845901883421,24.4547011092087,28.7128712871287
"E07000211","Reigate and Banstead","E12000008","South East",103731,81161,81200,40181,40980,49.51,50.49,"Predominantly Urban",34,41.2,32993,85.9154929577465,90.5,634.6,32.605680075929,34.9735951911611,18.2594728772724,14.1612518556375
"S12000038","Renfrewshire","S92000003","Scotland",127294,88129,88197,57119,31010,64.81,35.19,NA,23.1,43.2,22457,NA,97.2,534,15.8904878209783,33.6606376658525,20.6333751402733,29.8154993728959
"W06000016","Rhondda Cynon Taf","W92000004","Wales",172890,116563,116645,53973,62590,46.3,53.7,NA,19.6,40.7,15431,97.8813559322034,97.3,469,13.8813440141185,28.165285609894,23.7367122116671,34.2166581643205
"E07000124","Ribble Valley","E12000002","North West",46148,36442,36466,15892,20550,43.61,56.39,"Predominantly Rural",34,47.2,31494,100,97.8,542.9,29.3421132121066,29.330030810125,23.5908898689059,17.7369661088624
"E09000027","Richmond upon Thames","E12000007","London",132632,108806,108888,75396,33410,69.29,30.71,"Predominantly Urban",53,39.9,34145,78.0612244897959,85.9,744.2,48.1197950032031,32.1428571428571,9.61883408071749,10.1185137732223
"E07000166","Richmondshire","E12000003","Yorkshire and The Humber",36794,27636,27652,11945,15691,43.22,56.78,"Predominantly Rural",27,42.2,18237,89.7959183673469,95.3,518.5,21.8181818181818,34.7126436781609,24.1727621037966,19.2964123998607
"E08000005","Rochdale","E12000002","North West",156621,103231,103319,41217,62014,39.93,60.07,"Predominantly Urban",19.4,38.2,15617,85.377358490566,81.6,463.4,14.4251854967106,27.8109886148578,22.2115413499955,35.5522845384361
"E07000075","Rochford","E12000006","East",66589,52447,52479,17510,34937,33.39,66.61,"Predominantly Urban",20,45.8,16718,95.2941176470588,97.1,577.8,23.0375953105029,37.5291991714046,23.6502269822381,15.7829785358544
"E07000125","Rossendale","E12000002","North West",52750,38181,38204,15012,23169,39.32,60.68,"Predominantly Urban",25.1,42.3,17059,95.6521739130435,93.7,481,20.1726631712168,29.4747785210631,24.0643644910504,26.2881938166697
"E07000064","Rother","E12000008","South East",72755,57669,57715,23916,33753,41.47,58.53,"Predominantly Rural",25.5,52.3,18095,90.1098901098901,96.9,519.4,22.369456292186,32.3118969729595,24.0424034121496,21.2762433227049
"E08000018","Rotherham","E12000003","Yorkshire and The Humber",197623,137387,137474,44115,93272,32.11,67.89,"Predominantly Urban",17.4,42.3,16754,95.3667953667954,93.5,481.3,14.3977483528433,26.6372417322331,25.548519158191,33.4164907567325
"E07000220","Rugby","E12000005","West Midlands",74137,58549,58593,25350,33199,43.3,56.7,"Predominantly Urban",28.2,41.8,21479,87.2549019607843,90.3,576.4,25.1781936533767,28.4654190398698,21.2074857607811,25.1489015459723
"E07000212","Runnymede","E12000008","South East",58272,44294,44326,20259,24035,45.74,54.26,"Predominantly Urban",29.9,38.5,45500,84.7058823529412,88.7,597.9,29.1547878584605,36.7348650008385,19.0801609927889,15.0301861479121
"E07000176","Rushcliffe","E12000004","East Midlands",86401,70410,70470,40522,29888,57.55,42.45,"Predominantly Rural",39,43.9,18873,93.8053097345133,93.1,621,39.189065223374,31.7830168486072,15.1209369171024,13.9069810109164
"E07000092","Rushmoor","E12000008","South East",65790,48780,48800,20384,28396,41.79,58.21,"Predominantly Urban",24.7,37.5,32527,91.4893617021277,84.6,518,22.5269242679696,33.9572652513505,23.3768021195334,20.1390083611465
"E06000017","Rutland","E12000004","East Midlands",29390,22966,22986,11353,11613,49.43,50.57,"Predominantly Rural",32.9,46.3,21135,94.2857142857143,97,558.7,31.8971577784473,31.0836597368685,19.6946871547655,17.3244953299186
"E07000167","Ryedale","E12000003","Yorkshire and The Humber",41529,32050,32069,14340,17710,44.74,55.26,"Predominantly Rural",27.3,49.6,23164,98.0769230769231,98.5,411.8,21.4574067738625,26.2606910708177,28.7444406431748,23.5374615121451
"E08000006","Salford","E12000002","North West",173668,109815,109926,47430,62385,43.19,56.81,"Predominantly Urban",22.3,35.2,23533,84.4262295081967,90.1,476.7,16.7936456475928,32.6707981595321,18.9907353142886,31.5448208785865
"E08000028","Sandwell","E12000005","West Midlands",221429,147254,147418,49004,98250,33.28,66.72,"Predominantly Urban",15.4,36.4,18302,82.7586206896552,69.9,453,11.2780619888362,26.6232397101417,24.8343746185345,37.2643236824875
"E07000168","Scarborough","E12000003","Yorkshire and The Humber",82900,60511,60539,22999,37512,38.01,61.99,"Urban with Significant Rural",22.7,49,19443,91.5094339622642,97.5,467.9,15.3263867606497,27.833282255593,25.5010726325467,31.3392583512105
"S12000026","Scottish Borders","S92000003","Scotland",88440,64914,64953,37952,26962,58.47,41.53,NA,27,48.1,17196,NA,98.7,502.5,18.294530927125,27.7696652431464,25.9264361482298,28.0093676814988
"E07000188","Sedgemoor","E12000009","South West",89714,68414,68448,26545,41869,38.8,61.2,"Predominantly Rural",22.1,45.9,17673,94.9579831932773,98.3,466.8,18.6913654018524,26.689572751718,26.2533612190021,28.3657006274275
"E08000014","Sefton","E12000002","North West",206298,147878,147970,76702,71176,51.87,48.13,"Predominantly Urban",24.1,45.9,14769,96.2825278810409,97.4,471,18.9020438683948,33.1081754735793,20.3838484546361,27.6059322033898
"E07000169","Selby","E12000003","Yorkshire and The Humber",65278,51603,51639,21071,30532,40.83,59.17,"Predominantly Rural",26.1,44.5,21858,96.4705882352941,98.2,526.5,23.0211030046285,29.7795559739547,24.9117439397505,22.2875970816663
"E07000111","Sevenoaks","E12000008","South East",87253,70349,70393,32091,38258,45.62,54.38,"Predominantly Rural",32,44,26469,90.6779661016949,95.4,595.5,32.4481529981423,31.6776806651034,19.7064287236958,16.1677376130584
"E08000019","Sheffield","E12000003","Yorkshire and The Humber",396406,266753,266951,130735,136018,49.01,50.99,"Predominantly Urban",25.7,35.7,19833,89.0652557319224,83.6,485.8,20.776012879303,31.8524459633033,19.6362875525256,27.7352536048681
"E07000112","Shepway","E12000008","South East",80879,60613,60659,22884,37729,37.75,62.25,"Urban with Significant Rural",21.8,46.1,19130,91.6666666666667,94.5,543.8,18.2110485056345,31.7399559039686,23.7016168544831,26.3473787359138
"S12000027","Shetland Islands","S92000003","Scotland",17375,12222,12231,6907,5315,56.51,43.49,NA,26.6,43.1,27144,NA,98.4,592,17.0712082606946,24.701622636449,33.0427785972911,25.1843905055652
"E06000051","Shropshire","E12000005","West Midlands",236788,183153,183324,78987,104166,43.13,56.87,"Predominantly Rural",27.5,46.7,19299,94.4078947368421,97.9,491.8,22.7150249720966,28.4208390173508,25.7308425123169,23.1332934982356
"E06000039","Slough","E12000008","South East",87873,54542,54604,24911,29631,45.67,54.33,"Predominantly Urban",25.8,34,44792,58.9041095890411,45.5,540.2,18.612941811103,29.5705607805427,22.6094706475596,29.2070267607946
"E08000029","Solihull","E12000005","West Midlands",160425,121950,122017,53466,68484,43.84,56.16,"Predominantly Urban",28.5,43.6,31705,89.9521531100478,89.1,593.3,28.5938151204468,31.4895390514295,18.4612819871635,21.4553638409602
"S12000028","South Ayrshire","S92000003","Scotland",88116,61506,61542,36265,25241,58.96,41.04,NA,25.1,47.9,21919,NA,98.7,556.3,18.2286302780639,30.4010756379448,22.7886485867948,28.5816454971965
"E07000006","South Bucks","E12000008","South East",52194,40724,40755,20077,20647,49.3,50.7,"Urban with Significant Rural",36.9,44.6,36326,79.4117647058823,83.9,670.1,37.9630134744422,33.4133435164475,16.9657956467187,11.6578473623916
"E07000012","South Cambridgeshire","E12000006","East",114830,93189,93263,56128,37061,60.23,39.77,"Predominantly Rural",40.1,42.4,28108,87.012987012987,93,619.5,39.0438247011952,28.5236198064883,18.3585657370518,14.0739897552647
"E07000039","South Derbyshire","E12000004","East Midlands",73856,56695,56718,22479,34216,39.65,60.35,"Urban with Significant Rural",26,42.3,16546,96.9387755102041,95.6,509.2,23.5982894379582,29.1033125169699,23.6661688840619,23.63222916101
"E06000025","South Gloucestershire","E12000009","South West",207793,158333,158424,74928,83405,47.32,52.68,"Predominantly Urban",26.7,41.1,31581,92.6739926739927,94.9,540.5,25.850512524866,32.6976926878096,23.0085019576042,18.4432928297201
"E07000044","South Hams","E12000009","South West",69121,55450,55486,29308,26142,52.85,47.15,"Predominantly Rural",34.3,50.6,22398,93.9759036144578,98.3,502.9,27.3479502688172,30.1453293010753,24.0465389784946,18.4601814516129
"E07000140","South Holland","E12000004","East Midlands",65701,49497,49518,13074,36423,26.41,73.59,"Predominantly Rural",15.8,45.8,18790,89.010989010989,97.7,443.7,14.5732917493621,26.2343553809389,27.6033861233748,31.5889667463243
"E07000141","South Kesteven","E12000004","East Midlands",105457,82471,82525,33047,49424,40.07,59.93,"Predominantly Rural",25.6,45.5,19144,91.304347826087,97.4,475.3,23.2112593029254,29.4107533220347,23.3168766732985,24.0611107017415
"E07000031","South Lakeland","E12000002","North West",81948,65331,65375,34531,30800,52.86,47.14,"Predominantly Rural",33.4,50.3,23795,96,98.3,518.4,24.9668435013263,27.393899204244,26.4688328912467,21.170424403183
"S12000029","South Lanarkshire","S92000003","Scotland",248949,162592,162683,102568,60024,63.08,36.92,NA,22,43.8,18291,NA,97.6,531.1,17.18319392738,32.4401682541217,22.6620896388338,27.7145481796645
"E07000149","South Norfolk","E12000006","East",102395,80358,80418,38817,41541,48.31,51.69,"Predominantly Rural",27,46.1,20049,93.8461538461538,97.4,533.8,24.9908894682253,30.448798811426,24.5900260701371,19.9702856502116
"E07000155","South Northamptonshire","E12000004","East Midlands",71309,56624,56659,25853,30771,45.66,54.34,"Predominantly Rural",31.1,45,20850,96.5909090909091,96.9,613.7,31.3046890327644,32.2856582303316,21.3066509711595,15.1030017657446
"E07000179","South Oxfordshire","E12000008","South East",104231,84110,84167,46245,37865,54.98,45.02,"Predominantly Rural",36.7,44,28082,87.4074074074074,96,616.9,36.0933412758022,30.0354821164953,18.9583279376344,14.9128486700681
"E07000126","South Ribble","E12000002","North West",84573,63724,63755,26406,37318,41.44,58.56,"Predominantly Urban",26.4,43.9,25243,96.3302752293578,97,482.4,22.6086696024685,33.1565860819029,23.3156586081903,20.9190857074384
"E07000189","South Somerset","E12000009","South West",126495,99467,99535,42527,56940,42.75,57.25,"Predominantly Rural",25.1,46.7,20814,95.0617283950617,98,456.4,20.9980986562413,27.5694845008439,27.3985771966929,24.0338396462219
"E07000196","South Staffordshire","E12000005","West Midlands",85777,66692,66741,23444,43248,35.15,64.85,"Urban with Significant Rural",25.1,47.2,15042,95.4128440366973,95.8,545.9,24.6956983184637,32.4035687041889,24.1086531126662,18.7920798646811
"E08000023","South Tyneside","E12000001","North East",115893,79079,79117,30014,49065,37.95,62.05,"Predominantly Urban",19.2,43.6,14341,97.2789115646258,95.9,475.8,13.6791769308796,28.5631481979837,23.0194381766618,34.7382366944749
"E06000045","Southampton","E12000008","South East",158171,107665,107772,49738,57927,46.2,53.8,"Predominantly Urban",24.6,32.3,23535,79.0322580645161,85.8,502.9,18.8697119127952,32.2034778094991,20.42953542694,28.4972748507656
"E06000033","Southend-on-Sea","E12000006","East",128856,93870,93939,39348,54522,41.92,58.08,"Predominantly Urban",21.8,41.5,17524,88.7640449438202,91.5,541.2,19.9289631565387,34.8743052743936,21.3276160329788,23.8691155360889
"E09000028","Southwark","E12000007","London",195875,129502,129680,94293,35209,72.81,27.19,"Predominantly Urban",43.1,32.9,48349,60,54.1,644.2,30.1437926016696,32.8521099793214,13.5368001838095,23.4672972351995
"E07000213","Spelthorne","E12000008","South East",72674,56609,56639,22474,34135,39.7,60.3,"Predominantly Urban",25.9,41.5,27637,83.6734693877551,87.097,658,24.3633187772926,37.907423580786,21.3659388646288,16.3633187772926
"E07000240","St Albans","E12000006","East",104859,86445,86516,54208,32237,62.71,37.29,"Predominantly Urban",46.3,40.3,29160,85.5172413793103,88.3,700.6,45.7621886057612,29.3238975040965,12.4035241872284,12.5103897029139
"E07000204","St Edmundsbury","E12000006","East",81148,62210,62256,26986,35224,43.38,56.62,"Predominantly Rural",24.6,43.7,27013,89.0909090909091,96,508.9,21.7574648848098,31.121515611919,23.2209853958017,23.9000341074695
"E08000013","St. Helens","E12000002","North West",136096,93679,93721,39322,54357,41.98,58.02,"Predominantly Urban",20.9,43,15821,97.1590909090909,98,480.1,15.8612712517901,28.079903058789,22.6398119928028,33.4190136966181
"E07000197","Stafford","E12000005","West Midlands",99612,77484,77527,34098,43386,44.01,55.99,"Urban with Significant Rural",30.3,44.7,18647,94.6153846153846,94.9,531.3,26.0348583877996,32.9812028170441,19.7725084865988,21.2114303085575
"E07000198","Staffordshire Moorlands","E12000005","West Midlands",79347,59760,59793,21076,38684,35.27,64.73,"Predominantly Rural",23.7,47.5,14896,96.9072164948454,98.6,498.5,20.0915155960739,28.4257221698278,27.4127632819868,24.0699989521115
"E07000243","Stevenage","E12000006","East",62156,45785,45811,18659,27126,40.75,59.25,"Predominantly Urban",22.1,38,27823,90.6976744186046,87.6,543.2,19.6533084808947,32.3019571295433,22.9748369058714,25.0698974836906
"S12000030","Stirling","S92000003","Scotland",66100,48899,48931,33112,15787,67.72,32.28,NA,33.3,41.9,22313,NA,96.8,511.5,25.7786419164313,31.4354891962288,19.898015334385,22.887853552955
"E08000007","Stockport","E12000002","North West",221162,163489,163584,85559,77930,52.33,47.67,"Predominantly Urban",29.8,42.6,21379,92.6573426573427,92.1,540.1,25.7981333150772,32.7651126172383,19.6058967161863,21.8308573514981
"E06000004","Stockton-on-Tees","E12000001","North East",141486,100415,100460,38433,61982,38.27,61.73,"Predominantly Urban",22.8,40.3,20257,94.7916666666667,94.5,502.5,18.0825386108532,29.4370832981686,21.9596590429572,30.5207190480209
"E06000021","Stoke-on-Trent","E12000005","West Midlands",179010,117590,117680,36027,81563,30.64,69.36,"Predominantly Urban",15.5,37.9,18926,88.4,88.6,433.1,10.7133592736706,26.1033907726515,24.4172688530665,38.7659811006115
"E07000221","Stratford-on-Avon","E12000005","West Midlands",98014,79158,79217,38341,40817,48.44,51.56,"Predominantly Rural",33.4,48.2,32578,94.1666666666667,97.2,546.3,32.3252126279371,30.3906587862188,20.0634279948104,17.2207005910336
"E07000082","Stroud","E12000009","South West",92631,74064,74128,40446,33618,54.61,45.39,"Urban with Significant Rural",32.9,45.8,23609,97.3913043478261,97.9,525.7,29.0105351370765,27.921106189393,23.5244822219562,19.5438764515743
"E07000205","Suffolk Coastal","E12000006","East",98195,79184,79231,37218,41966,47,53,"Predominantly Rural",29,49.3,24362,94.2622950819672,96.5,552,25.9415305245056,31.4101461736887,22.4935511607911,20.1547721410146
"E08000024","Sunderland","E12000001","North East",207221,134324,134400,51930,82394,38.66,61.34,"Predominantly Urban",18.2,42.2,20728,94.9090909090909,95.9,455.9,12.854708284247,29.7228671752582,22.2701330191808,35.152291521314
"E07000214","Surrey Heath","E12000008","South East",65569,52305,52330,25638,26667,49.02,50.98,"Predominantly Urban",34.5,43.3,37450,89.5348837209302,90,654.4,36.1292945720675,34.4419597479162,17.1254319983737,12.3033136816426
"E09000029","Sutton","E12000007","London",140288,106560,106630,49319,57241,46.28,53.72,"Predominantly Urban",30.1,38.8,21049,74.5,78.5,605.9,25.007497251008,35.8918396587918,21.0606111092599,18.0400519809403
"E07000113","Swale","E12000008","South East",102209,75869,75913,28481,47388,37.54,62.46,"Predominantly Rural",18.9,41.5,18916,94.3262411347518,96,537.4,17.0799439679536,30.0975645720184,25.4183971885675,27.4040942714605
"W06000011","Swansea","W92000004","Wales",172941,120243,120362,58307,61936,48.49,51.51,NA,25.8,39.9,18577,90.8333333333333,94,485.1,18.2950819672131,33.4439611910338,19.3362328537973,28.9247239879558
"E06000030","Swindon","E12000009","South West",148960,112965,113060,51220,61745,45.34,54.66,"Predominantly Urban",22.7,39.6,30771,84.331797235023,89.8,546.9,21.9309509038708,30.3132168568667,21.5832527808636,26.1725794583989
"E08000008","Tameside","E12000002","North West",168047,110947,111016,43118,67829,38.86,61.14,"Predominantly Urban",17.5,40.5,15474,89.5454545454545,90.9,447.3,13.7418677859391,30.2651276670164,24.507869884575,31.4851346624694
"E07000199","Tamworth","E12000005","West Midlands",56825,42129,42151,13705,28424,32.53,67.47,"Predominantly Urban",17.4,40.9,16718,96.1038961038961,97.3,472,15.648033126294,29.8592132505176,24.2608695652174,30.231884057971
"E07000215","Tandridge","E12000008","South East",64044,51420,51466,24251,27169,47.16,52.84,"Urban with Significant Rural",33,44,25561,92.8571428571429,93.5,636.5,32.4213464140731,35.0346752368065,19.3504736129905,13.1935047361299
"E07000190","Taunton Deane","E12000009","South West",84164,65733,65785,30944,34789,47.08,52.92,"Urban with Significant Rural",28.1,44.8,22486,89.1891891891892,97,489.3,22.1271768457199,31.1442236938926,22.9028697571744,23.8257297032131
"E07000045","Teignbridge","E12000009","South West",103740,82312,82377,37949,44363,46.1,53.9,"Predominantly Rural",28,48.6,17925,95.2380952380952,98.2,440.8,22.7847388427425,30.6940729269323,24.3643530902436,22.1568351400817
"E06000020","Telford and Wrekin","E12000005","West Midlands",124338,89603,89704,32954,56649,36.78,63.22,"Predominantly Urban",20.9,39.4,21226,91.7647058823529,92.6,464.4,17.9856398926937,28.3000631213508,22.9446110146757,30.7696859712798
"E07000076","Tendring","E12000006","East",111167,82657,82725,25210,57447,30.5,69.5,"Predominantly Rural",15.9,50.2,15308,95.6834532374101,97.5,493.5,14.1394260180334,28.6538819586669,26.5207330372104,30.6859589860893
"E07000093","Test Valley","E12000008","South East",94559,75261,75316,36170,39091,48.06,51.94,"Urban with Significant Rural",30.5,44.7,27311,91.5966386554622,95.8,603.1,30.0175953079179,31.2199413489736,20.4310850439883,18.3313782991202
"E07000083","Tewkesbury","E12000009","South West",67831,53652,53686,25084,28568,46.75,53.25,"Predominantly Rural",30.2,45,30346,93.0232558139535,97.1,565.8,26.7865224009545,33.011066770889,21.3518739457769,18.8505368823796
"E07000114","Thanet","E12000008","South East",99108,72102,72146,26065,46037,36.15,63.85,"Predominantly Urban",19.6,44.4,15021,91.304347826087,95.4,439.5,15.8820626696274,29.3831729583025,23.5948679990131,31.139896373057
"E07000102","Three Rivers","E12000006","East",67380,52848,52898,25751,27097,48.73,51.27,"Predominantly Urban",33.9,41.4,32782,84.6153846153846,86.1,611.1,33.0996884735203,32.9906542056075,18.9563862928349,14.9532710280374
"E06000034","Thurrock","E12000006","East",109897,79916,79954,22151,57765,27.72,72.28,"Predominantly Urban",17.4,37,19798,82.4242424242424,85.7,563.7,15.0090933240697,31.8205039131945,25.6390869893945,27.5313157733412
"E07000115","Tonbridge and Malling","E12000008","South East",93019,74021,74066,32792,41229,44.3,55.7,"Urban with Significant Rural",27.1,42.3,28108,92.8,95.6,640.8,27.8043061790524,32.628027335373,21.2964286735482,18.2712378120264
"E06000027","Torbay","E12000009","South West",102961,75824,75868,27935,47889,36.84,63.16,"Predominantly Urban",20.6,48,15599,93.8461538461538,97.5,421.6,14.8369244959135,29.8506315492813,24.4959135046502,30.816530450155
"W06000020","Torfaen","W92000004","Wales",68957,48144,48172,19363,28781,40.22,59.78,NA,20.3,42.6,16250,95.6043956043956,97.8,485.1,14.6543577814931,27.6041288071527,24.3657774224031,33.3757359889511
"E07000046","Torridge","E12000009","South West",52881,41429,41461,16229,25200,39.17,60.83,"Predominantly Rural",21.7,49.4,15363,98.4615384615385,98.6,453.1,15.183531205751,25.0408452238318,32.8177758414116,26.9578477290056
"E09000030","Tower Hamlets","E12000007","London",167820,108235,108403,73011,35224,67.46,32.54,"Predominantly Urban",41,30.6,98134,60.0671140939597,45.1,637,33.0772641614012,30.3780068728522,9.78051213834386,26.7642168274027
"E08000009","Trafford","E12000002","North West",165294,125311,125400,72293,53018,57.69,42.31,"Predominantly Urban",33.8,40.5,32638,86.2660944206009,85.5,565.6,30.0758972599803,32.8387862155711,16.7074024841702,20.3779140402784
"E07000116","Tunbridge Wells","E12000008","South East",82181,64996,65047,35676,29320,54.89,45.11,"Urban with Significant Rural",34.6,42.4,28256,85.9649122807018,94.7,565.1,32.573402417962,31.3644214162349,18.5578583765112,17.5043177892919
"E07000077","Uttlesford","E12000006","East",64735,51943,51972,25619,26324,49.32,50.68,"Predominantly Rural",31.9,43.9,28247,90.5882352941177,96.5,605.4,32.5585505965532,32.5806451612903,20.5877154220062,14.2730888201502
"W06000014","Vale of Glamorgan","W92000004","Wales",95011,72309,72347,36681,35628,50.73,49.27,NA,29.8,43.6,15894,94.4444444444444,96.4,522.2,23.4665900723294,33.1958116823772,20.9676998198292,22.3698984254641
"E07000180","Vale of White Horse","E12000008","South East",94487,76654,76706,43462,33192,56.7,43.3,"Predominantly Rural",37.2,42.8,31836,87.9032258064516,94.8,600.9,36.0664040517727,29.206527855937,19.0770962296004,15.6499718626899
"E08000036","Wakefield","E12000003","Yorkshire and The Humber",246096,175042,175259,58877,116165,33.64,66.36,"Predominantly Urban",18.3,42.2,19837,92.4242424242424,95.3,460.3,14.8531281235141,27.0308299934982,24.2768003571117,33.839241525876
"E08000030","Walsall","E12000005","West Midlands",194729,135579,135684,43572,92007,32.14,67.86,"Predominantly Urban",16.9,38.5,17257,88,78.8,475.9,13.9517199603037,25.9559989173723,25.7033857892227,34.3888953331013
"E09000031","Waltham Forest","E12000007","London",162983,108551,108689,64156,44395,59.1,40.9,"Predominantly Urban",30,34.2,16812,59.5588235294118,52.1,546.1,20.7749702175685,33.1456517650009,19.0268982381341,27.0524797792965
"E09000032","Wandsworth","E12000007","London",219521,157884,158018,118463,39421,75.03,24.97,"Predominantly Urban",53.6,33.5,30216,62.4203821656051,71.4,718.5,43.2880952593958,31.9693323432845,9.89989175068662,14.8426806466331
"E06000007","Warrington","E12000002","North West",157042,115144,115206,52657,62487,45.73,54.27,"Predominantly Urban",27.4,41.7,31318,90.7317073170732,95.9,545.6,25.0242483026188,31.4649103595006,19.4111573480179,24.0996839898626
"E07000222","Warwick","E12000005","West Midlands",103099,81618,81695,47976,33642,58.78,41.22,"Predominantly Urban",38.4,40,33660,87.0503597122302,89.1,571.6,35.7128082553837,31.5207648640574,15.4052998092436,17.3611270713153
"E07000103","Watford","E12000006","East",65060,46586,46635,23167,23419,49.73,50.27,"Predominantly Urban",32.2,36.1,39792,73.1958762886598,71.9,610.5,27.0589834194074,33.0014949714596,19.9170970372384,20.0224245718945
"E07000206","Waveney","E12000006","East",90391,65646,65687,24356,41290,37.1,62.9,"Urban with Significant Rural",17.9,47.5,19068,95.6140350877193,97.6,477.1,14.7352357698764,27.2058599114909,27.4317106668701,30.6271936517626
"E07000216","Waverley","E12000008","South East",92291,75942,75999,44341,31601,58.39,41.61,"Predominantly Rural",40.1,44.3,29920,91.6666666666667,95.9,689.8,40.6783150958936,29.841746087775,17.0020002353218,12.4779385810095
"E07000065","Wealden","E12000008","South East",121141,96892,96958,44084,52808,45.5,54.5,"Predominantly Rural",28.9,48.3,18096,93.5064935064935,97.2,569.9,27.7166977520369,32.4555806419947,23.3262982232257,16.5014233827427
"E07000156","Wellingborough","E12000004","East Midlands",54572,41141,41177,15462,25679,37.58,62.42,"Urban with Significant Rural",20.4,41.8,26112,92.1052631578947,87.2,499.5,17.3914863337659,28.9606964965887,23.5067598677326,30.1410573019129
"E07000241","Welwyn Hatfield","E12000006","East",78146,58610,58641,27550,31060,47.01,52.99,"Predominantly Urban",30,35.3,31857,80.5084745762712,83.9,577.2,26.8636897041566,34.4697671545921,18.8808597368909,19.7856834043604
"E06000037","West Berkshire","E12000008","South East",116757,93277,93345,48300,44977,51.78,48.22,"Urban with Significant Rural",32.1,42.7,45736,89.5424836601307,94.7,599.8,33.4397819931447,30.6934065700113,19.8399012156437,16.0269102212003
"E07000047","West Devon","E12000009","South West",43823,35595,35613,16658,18937,46.8,53.2,"Predominantly Rural",30,50.2,16747,90.5660377358491,98.4,475.7,24.2900302114804,27.7207116482041,26.2101376300772,21.7791205102383
"E07000052","West Dorset","E12000009","South West",82071,65191,65237,31924,33267,48.97,51.03,"Predominantly Rural",30.8,51.5,24114,92.8571428571429,97.9,500.3,24.7567488477577,29.4461921135416,24.9396444509474,20.8574145877533
"S12000039","West Dunbartonshire","S92000003","Scotland",67595,43220,43245,26794,16426,61.99,38.01,NA,16.5,43,17961,NA,98.3,500.3,10.1545673381477,31.8478398581021,23.5493475231218,34.4482452806284
"E07000127","West Lancashire","E12000002","North West",85834,63869,63918,28546,35323,44.69,55.31,"Urban with Significant Rural",25.4,44.2,20299,95.4954954954955,98.1,503.5,21.3141927816351,30.3778069681616,21.6081816475887,26.6998186026146
"E07000142","West Lindsey","E12000004","East Midlands",73499,54753,54781,20906,33847,38.18,61.82,"Predominantly Rural",25.3,47.3,15558,96.7032967032967,98,527.9,21.1586520257478,29.1631957591821,25.6948125709958,23.9833396440742
"S12000040","West Lothian","S92000003","Scotland",130925,88508,88556,51560,36948,58.25,41.75,NA,21.5,40.7,20040,NA,97.5,498.3,17.0873718708598,31.5110522278781,21.6982776654348,29.7032982358273
"E07000181","West Oxfordshire","E12000008","South East",82441,65671,65719,35236,30435,53.66,46.34,"Predominantly Rural",32.9,43.8,26814,92.5233644859813,96.7,566.6,30.222953570161,30.8037298744878,22.2921304810764,16.6811860742748
"E07000191","West Somerset","E12000009","South West",27478,21734,21752,8566,13168,39.41,60.59,"Predominantly Rural",24.8,54.6,20107,96.969696969697,98.7,512.7,17.6541850220264,27.4339207048458,28.1938325991189,26.7180616740088
"E09000033","Westminster","E12000007","London",120524,78196,78325,53928,24268,68.97,31.03,"Predominantly Urban",50.3,35.5,221103,51.8072289156626,61.6,764.4,41.619402643736,32.4909664730366,7.2645565567397,18.6250743264877
"E07000053","Weymouth and Portland","E12000009","South West",50442,38255,38271,14903,23352,38.96,61.04,"Predominantly Urban",22.5,47.4,14311,93.6507936507936,97.3,491.4,17.6425584004896,30.1591349586861,25.5278996225645,26.6704070182597
"E08000010","Wigan","E12000002","North West",235982,163273,163381,58942,104331,36.1,63.9,"Predominantly Urban",19.5,42.1,14917,95.9375,97.2,503.4,15.7156753888632,28.3057059476668,24.400860756011,31.5777579074589
"E06000054","Wiltshire","E12000009","South West",366555,288895,289102,137258,151637,47.51,52.49,"Predominantly Rural",29.5,44.2,21864,91.1578947368421,96.4,518,27.0340923821458,31.2131818116349,21.6494548387561,20.1032709674632
"E07000094","Winchester","E12000008","South East",89595,72764,72801,42878,29886,58.93,41.07,"Predominantly Rural",40.7,43.1,39963,96.5811965811966,95.5,647.8,40.5224990138666,30.3911156962102,15.5809084564736,13.5054768334496
"E06000040","Windsor and Maidenhead","E12000008","South East",102665,81792,81865,44086,37706,53.9,46.1,"Predominantly Urban",38.4,41.7,39610,80.6896551724138,86,694.5,39.1646362687087,32.1963104768535,15.4495881192714,13.1894651351665
"E08000015","Wirral","E12000002","North West",242568,172000,172137,88931,83069,51.7,48.3,"Predominantly Urban",25.3,44.1,14523,95.5974842767296,97,518.2,19.1125593370344,30.8693378389251,19.73811247888,30.2799903451605
"E07000217","Woking","E12000008","South East",71313,55221,55261,31007,24214,56.15,43.85,"Predominantly Urban",38.4,40.4,35823,83.8383838383838,83.4,614.9,37.1454344993485,30.6371320704287,16.3208713374094,15.8965620928135
"E06000041","Wokingham","E12000008","South East",121891,97501,97551,55272,42229,56.69,43.31,"Predominantly Urban",40,41.6,36367,88.6792452830189,88.2,679.2,43.0279499680131,31.4045575875229,14.8331164104035,10.7343760340606
"E08000031","Wolverhampton","E12000005","West Midlands",174760,117936,118037,44138,73798,37.43,62.57,"Predominantly Urban",19.5,37.8,18179,80.952380952381,67.9,434.2,13.5851161308314,26.4850005975858,23.4705124629829,36.4593708085999
"E07000237","Worcester","E12000005","West Midlands",73516,54239,54289,25125,29114,46.32,53.68,"Predominantly Urban",27.7,37.9,25103,92.0792079207921,93.3,524.1,23.4163457955533,30.6421562538815,20.5347161843249,25.4067817662402
"E07000229","Worthing","E12000008","South East",81384,61366,61416,28851,32515,47.01,52.99,"Predominantly Urban",26,44.6,23818,92.4528301886792,93.7,522.3,22.0757525134405,35.3855966953194,20.9640676730553,21.5745831181849
"W06000006","Wrexham","W92000004","Wales",98384,70366,70407,28822,41544,40.96,59.04,NA,22.8,41.7,18683,93.3823529411765,96.8,487.6,16.4552721007036,26.8175944096109,23.8668453549036,32.860288134782
"E07000238","Wychavon","E12000005","West Midlands",94497,76389,76425,32188,44201,42.14,57.86,"Predominantly Rural",28.7,47.6,21049,93.3333333333333,97.5,522.2,26.1909758656873,29.8126217958327,22.8601409084095,21.1362614300705
"E07000007","Wycombe","E12000008","South East",125260,94790,94869,49261,45529,51.97,48.03,"Urban with Significant Rural",33.6,40.4,31297,85.0574712643678,81.2,611.3,32.6814979019872,31.6958277254374,18.8187791940464,16.803895178529
"E07000128","Wyre","E12000002","North West",84471,62979,63028,22816,40163,36.23,63.77,"Predominantly Rural",23,48.8,14524,97.2222222222222,98.2,494,19.7677910119107,32.4925766523204,23.2809528575718,24.458679478197
"E07000239","Wyre Forest","E12000005","West Midlands",77878,57632,57666,21240,36392,36.85,63.15,"Urban with Significant Rural",22.1,46,15783,96.9387755102041,96.9,500.2,18.584908851084,28.3390266175128,24.9095275137823,28.166537017621
"E06000014","York","E12000003","Yorkshire and The Humber",155157,109600,109691,63617,45983,58.04,41.96,"Predominantly Urban",32.4,37.8,24499,90.7317073170732,94.1,496,27.1720335388731,32.5356432090307,18.5181560144857,21.7741672376105
